DISTRICT_CODE,DISTRICT_NAME,PD_P_200001,PD_P_200102,PD_P_200203,PD_P_200304,PD_P_200405,PD_P_200506,PD_P_200607,PD_P_200708,PD_P_200809,PD_P_200910,PD_P_201011,PD_P_201112,PD_P_201213,PD_P_201314,MZ_P_200001,MZ_P_200102,MZ_P_200203,MZ_P_200304,MZ_P_200405,MZ_P_200506,MZ_P_200607,MZ_P_200708,MZ_P_200809,MZ_P_200910,MZ_P_201011,MZ_P_201112,MZ_P_201213,MZ_P_201314,ML_P_200001,ML_P_200102,ML_P_200203,ML_P_200304,ML_P_200405,ML_P_200506,ML_P_200607,ML_P_200708,ML_P_200809,ML_P_200910,ML_P_201011,ML_P_201112,ML_P_201213,ML_P_201314,WT_P_200001,WT_P_200102,WT_P_200203,WT_P_200304,WT_P_200405,WT_P_200506,WT_P_200607,WT_P_200708,WT_P_200809,WT_P_200910,WT_P_201011,WT_P_201112,WT_P_201213,WT_P_201314,BL_P_200001,BL_P_200102,BL_P_200203,BL_P_200304,BL_P_200405,BL_P_200506,BL_P_200607,BL_P_200708,BL_P_200809,BL_P_200910,BL_P_201011,BL_P_201112,BL_P_201213,BL_P_201314,PD_A_200001,PD_A_200102,PD_A_200203,PD_A_200304,PD_A_200405,PD_A_200506,PD_A_200607,PD_A_200708,PD_A_200809,PD_A_200910,PD_A_201011,PD_A_201112,PD_A_201213,PD_A_201314,MZ_A_200001,MZ_A_200102,MZ_A_200203,MZ_A_200304,MZ_A_200405,MZ_A_200506,MZ_A_200607,MZ_A_200708,MZ_A_200809,MZ_A_200910,MZ_A_201011,MZ_A_201112,MZ_A_201213,MZ_A_201314,ML_A_200001,ML_A_200102,ML_A_200203,ML_A_200304,ML_A_200405,ML_A_200506,ML_A_200607,ML_A_200708,ML_A_200809,ML_A_200910,ML_A_201011,ML_A_201112,ML_A_201213,ML_A_201314,WT_A_200001,WT_A_200102,WT_A_200203,WT_A_200304,WT_A_200405,WT_A_200506,WT_A_200607,WT_A_200708,WT_A_200809,WT_A_200910,WT_A_201011,WT_A_201112,WT_A_201213,WT_A_201314,BL_A_200001,BL_A_200102,BL_A_200203,BL_A_200304,BL_A_200405,BL_A_200506,BL_A_200607,BL_A_200708,BL_A_200809,BL_A_200910,BL_A_201011,BL_A_201112,BL_A_201213,BL_A_201314,PD_Y_200001,PD_Y_200102,PD_Y_200203,PD_Y_200304,PD_Y_200405,PD_Y_200506,PD_Y_200607,PD_Y_200708,PD_Y_200809,PD_Y_200910,PD_Y_201011,PD_Y_201112,PD_Y_201213,PD_Y_201314,MZ_Y_200001,MZ_Y_200102,MZ_Y_200203,MZ_Y_200304,MZ_Y_200405,MZ_Y_200506,MZ_Y_200607,MZ_Y_200708,MZ_Y_200809,MZ_Y_200910,MZ_Y_201011,MZ_Y_201112,MZ_Y_201213,MZ_Y_201314,ML_Y_200001,ML_Y_200102,ML_Y_200203,ML_Y_200304,ML_Y_200405,ML_Y_200506,ML_Y_200607,ML_Y_200708,ML_Y_200809,ML_Y_200910,ML_Y_201011,ML_Y_201112,ML_Y_201213,ML_Y_201314,WT_Y_200001,WT_Y_200102,WT_Y_200203,WT_Y_200304,WT_Y_200405,WT_Y_200506,WT_Y_200607,WT_Y_200708,WT_Y_200809,WT_Y_200910,WT_Y_201011,WT_Y_201112,WT_Y_201213,WT_Y_201314,BL_Y_200001,BL_Y_200102,BL_Y_200203,BL_Y_200304,BL_Y_200405,BL_Y_200506,BL_Y_200607,BL_Y_200708,BL_Y_200809,BL_Y_200910,BL_Y_201011,BL_Y_201112,BL_Y_201213,BL_Y_201314
1,Taplejung,15837,17043.5,18250,18250,19737.675,19089,16048,16048,16048,15600,20099.7,22167,10913,13861,19312,20636,21960,21960,22170.9,22881.25,24018.775,28495,28495,26300,36795,38116,27450,49408,4214,6350,3100,3720,3565,3660,3500,3567,3567,3050,3813,3508,3507,4418,3288,3288,3206,3492,3832,2879,2879,2879,2285,1890,3921,2783,3600,2016,288,288,290,336,288,288,288,288,264,264,300,280,312,300,8220,4927,8990,8990,9025,9090,8783,8783,8783,8710,9710,10477,4850,6950,12500,12463,13150,13150,13150,13075,13075,13187,13187,13200,16075,16075,9150,16075,3512,5631,3100,3100,3100,3050,3050,3050,3050,3050,3050,3050,3050,3290,1895,189,1810,1895,1895,1895,1895,1895,1890,1890,1895,1210,1895,925,240,240,240,240,240,240,240,240,240,240,240,240,240,200,1927,3459,2030,2030,2187,2100,1827,1827,1827,1791,2070,2116,2250,1994,1545,1656,1670,1670,1686,1750,1837,2161,2161,1992,2289,2371,3000,3074,1200,1128,1000,1200,1150,1200,1148,1170,1170,1000,1250,1150,1150,1343,1735,17397,1771,1843,2022,1519,1519,1519,1209,1000,2069,2300,1900,2179,1200,1200,1208,1400,1200,1200,1200,1200,1100,1100,1250,1167,1300,1500
2,Panchthar,23150,22580,22010,22010,20776,20776,15800,15800,15879,15000,21840,23000,22600,30127,27118,26155,16681,16681,21231,21231,21231,22089,22133,21225,21232.5,21760,12240,29931,9703,7421,5975,7170,8564,7965,7700,7790,7750,7150,8350,9350,9350,9046,7520,4970,5720,5900,7380,7000,7410,7410,6300,4130,7400,7580,7632,6732,468,455,553,638,744,570,674,674,515,515,600,593,552,500,10409,6730,10480,10480,10388,10388,8854,8854,8854,8400,10400,11500,11300,10322,14250,14138,14151,14151,14154,14154,14154,14160,14160,14150,14155,12800,8000,18627,5953,5955,5975,5975,5978,5978,5978,5992,5992,4911,5000,5000,5000,4805,4091,4097,4100,4100,4100,4100,4115,4115,4130,4130,4000,4000,3995,3120,520,535,540,532,532,532,519,519,515,515,500,494,460,450,2224,3355,2100,2100,2000,2000,1785,1785,1793,1786,2100,2000,2000,2919,1903,1850,1179,1179,1500,1500,1500,1560,1563,1500,1500,1700,1530,1607,1630,1246,1000,1200,1433,1332,1288,1300,1293,1456,1670,1870,1870,1883,1838,1213,1395,1439,1800,1707,1801,1801,1525,1000,1850,1895,1910,2158,900,850,1024,1199,1398,1071,1299,1299,1000,1000,1200,1200,1200,1111
3,Ilam,27000,20851,28800,28800,31966.439,35538,29500,28299,36300,35914,45690,45690,45185,44966,44612,43681,44350,44350,46550,42415,46940,57526,57526,58500,77500,77500,78385,69654,4030,3290,3213,3373,3290,3390,3312,2884,2884,3612,3312,3000,2670,3000,7882,8081,8062,8050,8945,8500,9020,10627,8250,4735,13365,13398,12960,12350,80,71,71,70,72,72,75,75,75,75,75,55,50,50,13550,12405,13605,13605,14471,14625,12091,12304,13200,13084,14825,14825,14815,14185,23480,24335,24500,24500,24500,22927,23470,23480,23480,23480,31480,31480,31480,28200,4030,3290,3213,3213,3290,3290,3312,3314,3314,3312,3312,3000,3000,3000,4777,4592,4607,4600,4708,4708,4735,4735,4735,4735,4800,4620,4700,4697,90,71,71,70,72,72,75,75,75,75,75,55,55,50,1993,1681,2117,2117,2209,2430,2440,2300,2750,2745,3082,3082,3050,3170,1900,1795,1810,1810,1900,1850,2000,2450,2450,2491,2462,2462,2490,2470,1000,1000,1000,1050,1000,1030,1000,870,870,1091,1000,1000,890,1000,1650,1760,1750,1750,1900,1805,1905,2244,1742,1000,2784,2900,2757,2629,889,1000,1000,1000,1000,1000,1000,1000,1000,1000,1000,1000,909,1000
4,Jhapa,292858,247680,290660,298600,314843.75,311690,243290,312523,322640,264000,271920,321840,320790,365250,38190,42110,42300,42300,44000,47837.5,54250,56627,58600,58600,62310,72460,82140,95000,1800,2000,2000,2000,1950,2150,2340,2100,2000,2160,2160,2160,1785,1800,28750,35650,35650,32280,44950,39250,44200,43500,36500,14000,24150,25150,21750,22540,60,60,60,11,10,110,22,10,10,6,7,6,6,6,91518,84214,92150,92100,96875,96800,81000,96161,96700,80000,82400,89400,86700,88500,20100,21055,21150,21150,22000,22250,21700,22550,22600,22600,24600,24600,36185,36850,1800,2000,2000,2000,1950,2150,2200,2100,2000,1800,1800,1800,1785,1750,12700,16500,16511,15100,15500,15700,17000,15000,15000,14000,11500,7500,6500,7000,50,50,50,11,10,100,11,10,10,8,9,8,8,6,3200,2941,3154,3242,3250,3220,3004,3250,3337,3300,3300,3600,3700,4127,1900,2000,2000,2000,2000,2150,2500,2511,2593,2593,2533,2946,2270,2578,1000,1000,1000,1000,1000,1000,1064,1000,1000,1200,1200,1200,1000,1029,2264,2161,2159,2138,2900,2500,2600,2900,2433,1000,2100,3353,3346,3220,1200,1200,1200,1000,1000,1100,2000,1000,1000,750,778,750,750,1000
5,Sankhuwasabha,22992,18270,24267,24267,34091,28674,25030,28677,28677,21732,29816.478,36600,23701,35458,20324,21448,21838,21838,22788.804,22623,23740.2,28209,28209,19583,28259.175,22193.5,22226,17000,9100,8090,8160,7349,10093,9575,9575,9956,9956,10080,9875,9975,10180,7314,3956,3956,2470,2164.5,2457,2500,2850,2925,2288,1505,2800,2850,3000,1915,99,99,56,80,37,40,48,29,29,29,26,26,30,30,11000,10180,11780,11780,15496,15496,15037,15932,15932,13171,15417,15812,15801,13775,11662,12587,12846,12846,12846,13087,13080,14672,14672,13055,14165,13055,13074,12470,9100,8190,8160,8160,9175,9195,9195,9977,9977,9975,9975,9975,9981,7171,2275,2275,1235,1170,1170,1350,1500,1500,1505,1505,1400,1450,1450,775,76,76,70,60,50,40,40,30,30,30,35,35,35,30,2090,1795,2060,2060,2200,1850,1665,1800,1800,1650,1934,2315,1500,2574,1743,1704,1700,1700,1774,1729,1815,1923,1923,1500,1995,1700,1700,1363,1000,988,1000,901,1100,1041,1041,998,998,1011,990,1000,1020,1020,1739,1739,2000,1850,2100,1852,1900,1950,1520,1000,2000,1966,2069,2471,1303,1303,800,1333,740,1000,1200,967,967,967,743,743,857,1000
6,Bhojpur,46279,32470,45750,45750,29741.4,29741.4,29064.48,36866,36866,35600,37632.711,42341,44299,48340,40130,38146,40907,40907,40907,40907,43638,38585,38585,42600,48600,48600,76470,124050,8257,6207,5439,5439,5439,5439,5136,4500,4500,5236,5100,4954.5,4404,5000,4200,4580,5568,6170,6234,4550,4120,5020,3867,2510,4160,4903,5520,6024,48,52,42,42,0,40,40,40,40,40,40,25,25,20,18805,15129,18918,18918,12300,12300,12030,15361,15361,15300,16103,16110,16150,17150,20059,20078,20867,20867,20867,20867,20780,20857,20857,21000,22776,24790,25790,42776,5505,5005,5439,5439,5439,5439,5226,4600,4600,5136,5100,5505,5505,5500,2565,2571,2320,2571,2571,2200,2228,2510,2510,2510,2510,2510,2510,2510,33,33,33,33,0,30,30,30,30,30,30,25,25,20,2461,2146,2418,2418,2418,2418,2416,2400,2400,2327,2337,2628,2743,2819,2001,1900,1960,1960,1960,1960,2100,1850,1850,2029,2134,1960,2965,2900,1500,1240,1000,1000,1000,1000,983,978,978,1019,1000,900,800,909,1637,1781,2400,2400,2425,2068,1849,2000,1541,1000,1657,1953,2199,2400,1455,1576,1273,1273,0,1333,1333,1333,1333,1333,1333,1000,1000,1000
7,Dhankuta,24268,24912,25556,26645,26663,26663,20750,23042,23770,23530,21957,19600,18859,24244,33990,25022,33813,24190,23382,38104.5,41943.3,50960,50960,54750,39736.065,42450,39312,14975,7952,4800,8120,8038,9012,8025,7058.53,7966,8563,9091,8080,7810,7780,8000,4240,4908,6150,6318,6546,5525,5304,5304,4208,2723,3296,2975,3385,3200,24,24,25,25,31,25,25,25,10,10,10,10,10,5,9668,7659,9774,9429,9435,9435,8145,8695,8695,8650,9412,8877,8495,10660,20600,19890,19890,19200,19985,19950,19973,19985,19985,18875,17779,18200,18200,5450,8114,6060,8120,8120,8103,8125,7094,8129,8129,8080,8000,7810,7780,8000,2725,2805,2700,2700,2710,2720,2720,2720,2725,2723,1498,1445,1400,1400,22,22,25,25,26,25,25,25,10,10,10,10,10,5,2510,3253,2615,2826,2826,2826,2548,2650,2734,2720,2333,2208,2220,2274,1650,1258,1700,1260,1170,1910,2100,2550,2550,2901,2235,2332,2160,2748,980,792,1000,990,1112,988,995,980,1053,1125,1010,1000,1000,1000,1556,1750,2278,2340,2415,2031,1950,1950,1544,1000,2200,2059,2418,2286,1091,1091,1000,1000,1192,1000,1000,1000,1000,1000,1000,1000,1000,1000
8,Tehrathum,21100,21839.5,22579,22579,22349.172,22349.172,18500,20372,20372,18656,21102,24522.6,23784,27576,13893,17415,17863,17863,19665,19614,23160,16164,16164,21600,21014,25935,26288,27302,3729,3195,3210,3370,2888,3550,3202.5,2520,2520,2782,3061,3061,3300,3300,3398,3814,4123,4380,4535,4200,3960,4320,3272,2600,4505,5445,5900,5675,135,128,126,108,108,108,115,116,110,110,110,67,83,80,11375,8721,11194,11194,10977,10977,9817,10186,10186,10237,9592,10662,10341,10180,11675,11665,11675,11675,11675,11675,12000,12092,12092,12300,12300,12350,12400,12410,3243,3195,3210,3210,2407,3250,3050,2505,2505,2600,2700,2700,2750,2800,2565,2577,2577,2577,2577,2577,2640,2550,2600,2600,2650,2750,2600,2500,107,106,102,100,100,100,105,105,100,100,100,75,75,75,1855,2504,2017,2017,2036,2036,1884,2000,2000,1822,2200,2300,2300,2709,1190,1493,1530,1530,1684,1680,1930,1337,1337,1756,1708,2100,2120,2200,1150,1000,1000,1050,1200,1092,1050,1006,1006,1070,1134,1134,1200,1179,1325,1480,1600,1700,1760,1630,1500,1694,1258,1000,1700,1980,2269,2270,1262,1208,1235,1080,1080,1080,1095,1105,1100,1100,1100,893,1107,1067
9,Morang,294500,263741,294435,311250,321832,305740.4,242476,273699,279912,244500,258060,277610,259289,332100,25380,22064,25520,25520,29830,34940,31500,34175,35200,42130,45300,45300,5379,50000,1510,1474,1300,1500,1500,1637,1335,1604,1698,1746,1716,1812,1812,1800,32200,43470,46425,36716,38710,37745,42550,49656,44690,22200,52500,40438,36438,39900,0,0,0,41,0,0,0,0,0,0,0,0,0,0,95000,85000,94789,94790,98000,98070,81360,88290,88200,77120,78200,78200,82840,83525,14100,14005,14100,14100,14925,15500,15000,15100,15170,19220,16100,15100,1630,15000,1349,1340,1300,1300,1395,1310,1325,1345,1415,1455,1430,1510,1510,1500,16165,20224,20185,17057,17157,17150,18500,20690,20275,22200,22200,16875,16000,16345,0,0,0,27,0,0,0,0,0,0,0,0,0,0,3100,3103,3106,3284,3284,3118,2980,3100,3174,3170,3300,3550,3130,3976,1800,1575,1810,1810,1999,2254,2100,2263,2320,2192,2814,3000,3300,3333,1119,1100,1000,1154,1075,1250,1008,1193,1200,1200,1200,1200,1200,1200,1992,2149,2300,2153,2256,2201,2300,2400,2204,1000,2365,2396,2277,2441,0,0,0,1519,0,0,0,0,0,0,0,0,0,0
10,Sunsari,185380,130625,195822,191815,190807,189530,164826,166160,141360,133950,155993.9,166000,160650,180200,9643,7500,9750,9750,11115,11115,13000,14150,14900,19600,23250,21966,27000,26500,1265,300,1200,1800,300,1370,1080,1352,1350,1260,1200,744,1078,1100,31944,42900,50430,42750,38920,37303.7,42500,40800,36720,17000,46250,45500,43500,45110,0,0,0,0,0,0,0,0,0,0,0,0,0,0,62000,47850,61715,61430,61116,61140,54942,53600,51158,49991,53791,53550,52550,51550,5075,3000,5000,5000,5700,5700,5200,5660,7300,7500,8500,7845,7845,7800,1100,300,1200,1200,300,1075,1200,1352,1350,1250,1200,800,1185,1200,15972,19500,20100,17100,16100,16100,17000,17000,14000,17000,18500,17500,15500,16300,0,0,0,0,0,0,0,0,0,0,0,0,0,0,2990,2730,3173,3122,3122,3100,3000,3100,2763,2679,2900,3100,3057,3496,1900,2500,1950,1950,1950,1950,2500,2500,2041,2613,2735,2800,3442,3397,1150,1000,1000,1500,1000,1274,900,1000,1000,1008,1000,930,910,917,2000,2200,2509,2500,2417,2317,2500,2400,2623,1000,2500,2600,2806,2767,0,0,0,0,0,0,0,0,0,0,0,0,0,0
11,Solukhumbu,3108,2642,3100,3100,3100,3000,2526,2916,2916,2999,3060,3564,3366,3564,18818,19995,20100,20100,20100,20100,21688.8,29100,29100,32388,32388,32388,32517,32517,1680,2500,2000,2000,2000,2100,2100,2566,2566,2100,2625,2940,2520,2688,3745,3745,3745,3750,4325,5217,5217,5217,3574,3680,7125,7308,7300,2550,653,653,653,650,250,224,224,224,224,224,224,200,200,200,1480,1495,1500,1500,1500,1500,1440,1620,1620,1628,1530,1620,1530,1620,12906,12900,12910,12910,12910,12910,12910,12950,12950,12955,12955,12955,12955,12955,1280,2000,2000,2000,2000,2000,2000,2052,2052,2100,2100,2100,2100,2100,2508,2508,3700,3700,3700,3700,3700,3700,3680,3680,3750,3750,3755,1250,571,571,571,570,200,200,200,200,200,200,200,200,200,190,2100,1767,2067,2067,2067,2000,1754,1800,1800,1842,2000,2200,2200,2200,1458,1550,1557,1557,1557,1557,1680,2247,2247,2500,2500,2500,2510,2510,1313,1250,1000,1000,1000,1050,1050,1250,1250,1000,1250,1400,1200,1280,1493,1493,1012,1014,1169,1410,1410,1410,971,1000,1900,1949,1944,2040,1144,1144,1144,1140,1250,1120,1120,1120,1120,1120,1120,1000,1000,1053
12,Okhaldhunga,16882,12915,16880,16880,16881.75,18424,14150,14943,14943,10850,9850,14000,14361,11310,20018,20069,20120,20120,20120,22348,22348,24462,24462,22985,23202,27760,26040,25476,8382,8725,6980,8380,10380,10388,9380,10100,10100,12299,11865,11840.8,9998,12401,3240,3752,3752,3750,3582,4004,4139.75,4139.75,3519,2807,5684,4825,5031,4757,110,6,6,6,138,138,138,138,138,138,138,100,100,100,6753,6015,6750,6750,6750,6580,5660,5860,5860,5130,5030,6573,6244,4350,12439,9700,12440,12440,12440,12635,12635,12545,12545,12097,12097,12400,12400,11580,6985,7270,6980,6980,6980,7750,7750,7756,7756,8785,8785,7790,7751,7751,2254,2375,2375,2375,1895,2860,2855,2855,2807,2807,2842,2425,2490,2241,110,10,10,10,115,115,115,115,115,115,115,100,100,100,2500,2147,2501,2501,2501,2800,2500,2550,2550,2115,1958,2130,2300,2600,1609,2069,1617,1617,1617,1769,1769,1950,1950,1900,1918,2239,2100,2200,1200,1200,1000,1201,1487,1340,1210,1302,1302,1400,1351,1520,1290,1600,1437,1580,1580,1579,1890,1400,1450,1450,1254,1000,2000,1990,2020,2123,1000,600,600,600,1200,1200,1200,1200,1200,1200,1200,1000,1000,1000
13,Khotang,27879,24090,27880,27880,29275,26617.8,23977.8,33586,33586,22642,27459,31924.2,30248,42600,44154,34570,42150,42150,45000,43875,43875,53687,53687,49060,52000,63908,69232,70378,9600,11500,13600,12600,14000,14000,14000,14000,14000,14513,19800,23940,24512,23377,4913,4830,5530,5550,6592,6260,6290,6290,5147,3500,11200,9575,12535,12060,90,90,90,90,359,342,390,390,400,400,435,435,430,400,12043,12051,12050,12050,12059,12099,10899,14899,14899,12279,14129,15202,15200,15202,22000,21606,22000,22000,22500,22500,22500,22580,22580,22950,23000,25000,31066,41060,13600,14000,13600,13600,14270,14270,14270,14511,14511,14375,16500,21375,21315,21315,3310,3500,3500,3500,3600,3580,3580,3580,3500,3500,5535,5545,5535,5530,100,100,100,90,570,570,570,570,500,500,550,470,440,400,2315,1999,2314,2314,2428,2200,2200,2254,2254,1844,1943,2100,1990,2802,2007,1600,1916,1916,2000,1950,1950,2378,2378,2138,2261,2556,2229,1714,706,821,1000,926,981,981,981,965,965,1010,1200,1120,1150,1097,1484,1380,1580,1586,1831,1749,1757,1757,1471,1000,2023,1727,2265,2181,900,900,900,1000,630,600,684,684,800,800,791,926,977,1000
14,Udayapur,30970,22298,37171,37171.2,38623.2,36278,25049,38703,42262,39340,42625,50700,43594,52850,23490,21756,26850,26850,34697.22,34697.22,28467.25,30754,38025,38025,34980,34913.5,23275,23500,1827,2827,2500,2550,2777,2570,2399,3341,3458,3458,3965,4377.5,5031,5000,6840,8415,8260,8185,9173,9100,10258,11640,9694,4800,11000,14322,16286,15826,26,32,46,37,35,35,35,37,37,37,36,37,34,35,12383,10629,12800,12800,13300,13650,11386,13300,14150,14050,15500,16857,11625,15250,14500,12000,14500,14500,18735,18735,16267,16890,16900,16900,15900,16880,9500,9500,1570,2570,2500,2500,2525,2525,2399,2570,2572,2572,2575,2575,2580,2580,4750,4950,4800,4815,4825,4825,4885,4830,4800,4800,4900,5115,5119,5120,34,30,38,35,35,35,35,38,38,38,39,39,40,35,2501,2098,2904,2904,2904,2658,2200,2910,2987,2800,2750,3008,3750,3466,1620,1813,1852,1852,1852,1852,1750,1821,2250,2250,2200,2068,2450,2474,1164,1100,1000,1020,1100,1018,1000,1300,1344,1344,1540,1700,1950,1938,1440,1700,1721,1700,1901,1886,2100,2410,2020,1000,2245,2800,3181,3091,765,1067,1211,1057,1000,1000,1000,974,974,974,923,949,850,1000
15,Saptari,192810,165650,168855,196589,201000,157500,95680,153000,173500,150724,116842,177000,60388,90500,3600,7500,9200,9200,9200,9500,8000,8250,8800,8000,8000,8000,750,7800,200,300,300,300,300,300,300,300,300,250,250,375,215,215,32400,36000,40700,36500,35500,25500,35650,35650,32085,15000,48000,45600,40000,44000,0,0,0,0,0,0,0,0,0,0,0,0,0,0,71200,69190,70190,70000,67000,68000,52000,68000,68400,59903,37691,60000,30219,35000,2000,3000,4000,4000,4000,4000,4000,4100,4000,4000,4000,4000,300,3500,200,300,300,300,300,300,300,300,300,250,250,250,250,250,15000,18000,18500,16200,16500,12500,15500,15500,15000,15000,20000,18000,15500,16000,0,0,0,0,0,0,0,0,0,0,0,0,0,0,2708,2394,2406,2808,3000,2316,1840,2250,2537,2516,3100,2950,1998,2586,1800,2500,2300,2300,2300,2375,2000,2012,2200,2000,2000,2000,2500,2229,1000,1000,1000,1000,1000,1000,1000,1000,1000,1000,1000,1500,860,860,2160,2000,2200,2253,2152,2040,2300,2300,2139,1000,2400,2533,2581,2750,0,0,0,0,0,0,0,0,0,0,0,0,0,0
16,Siraha,168275,159861,193788,203788,201077,189435,117670,156358,164176,107100,95697,175150,53814,98303,2940,5086,3540,3540,3750,3875,5000,5040,5040,4800,3600,6820,3150,4000,1260,1200,1000,1000,1200,900,1200,800,800,760,700,600,574,575,28780,30220,36276,37637,37887,33180,34760,34760,31284,16000,31350,29877,29800,32350,0,0,0,0,0,0,0,0,0,0,0,0,0,0,70110,69235,71800,71300,69337,67972,57400,70750,70750,63000,45570,61000,31175,38788,1470,2180,1475,1475,1500,1550,2000,2100,2100,2150,1800,3100,1750,2000,1400,1200,1000,1000,1200,1000,1200,800,800,700,700,600,645,650,14390,15110,15115,15055,15155,15800,16250,16250,16000,16000,17500,15725,15675,14750,0,0,0,0,0,0,0,0,0,0,0,0,0,0,2400,2309,2699,2858,2900,2787,2050,2210,2321,1700,2100,2871,1726,2534,2000,2333,2400,2400,2500,2500,2500,2400,2400,2233,2000,2200,1800,2000,900,1000,1000,1000,1000,900,1000,1000,1000,1086,1000,1000,890,885,2000,2000,2400,2500,2500,2100,2139,2139,1955,1000,1791,1900,1901,2193,0,0,0,0,0,0,0,0,0,0,0,0,0,0
17,Dolakha,6621,7750,7464,7464,7938,7235,6318,6318,6318,6250,6303.596,6303.596,5625,5874,9085,9095,10649,9648,9934,9950,10800,10800,10800,12336,12336,12336,10485,11718,4150,4154,3590,3914,3944,3550,3540,3540,3580,4159,4094,4630.6,4200,4250,7805,7805,8285,8288,7825,7825,7500,7500,5105,4400,5105,4837,6278,6280,190,190,322,333,231,230,230,230,230,230,230,230,210,180,2670,3100,3110,3110,3113,3115,3125,3125,3125,3133,3133,3135,3150,3175,5356,5350,5360,5360,5370,5372,5390,5390,5390,5387,5387,8454,5009,5450,3590,3590,3590,3590,3585,3585,3575,3575,3575,3555,3555,3562,3568,3600,4600,4600,4603,4605,4603,4603,4603,4603,4400,4400,4400,4398,4650,4650,232,232,230,230,231,231,231,231,231,231,231,219,200,175,2480,2500,2400,2400,2550,2323,2022,2022,2022,1995,2012,2011,1786,1850,1696,1700,1987,1800,1850,1852,2004,2004,2004,2290,2290,1459,2093,2150,1156,1157,1000,1090,1100,990,990,990,1001,1170,1152,1300,1177,1181,1697,1697,1800,1800,1700,1700,1629,1629,1160,1000,1160,1100,1350,1351,819,819,1400,1448,1000,996,996,996,996,996,996,1050,1050,1029
18,Ramechhap,14543,14543,17010,17010,18742.353,14000,15757,15757,15757,15757,25049,30199.68,26530,25862,29960,30015,32090,32090,46111.525,40805,46016,46016,46016,46016,36800,50102,51355,57352,5000,5562,5002,6110,5961.36,5309,6068,6068,6068,6068,5051,6068.4,4425,4402,5430,5688,6650,6650,9515,10555,9080,9080,7060,4803,9013,8292,8180,8716,206,196,120,120,101,107,197,197,79,79,81,110,142,190,6700,6830,7872,7872,8673,8643,8743,8743,8743,8743,9460,9408,9408,9508,14980,14500,15100,15100,20005,21502,23008,23008,23008,23008,18041,20041,21398,21480,5052,5052,5002,5050,5052,5057,5057,5057,5057,5087,5060,5057,5060,5060,3090,3792,3790,3790,4598,4798,4803,4803,4803,4803,4820,4458,4470,4460,210,200,115,115,86,95,175,175,100,100,100,170,175,173,2171,2129,2161,2161,2161,1620,1802,1802,1802,1802,2648,3210,2820,2720,2000,2070,2125,2125,2305,1898,2000,2000,2000,2000,2040,2500,2400,2670,990,1101,1000,1210,1180,1050,1200,1200,1200,1193,998,1200,875,870,1757,1500,1755,1755,2069,2200,1890,1890,1470,1000,1870,1860,1830,1954,981,980,1043,1043,1174,1126,1126,1126,790,790,810,647,811,1098
19,Sindhuli,14638,14225,16000,16000,16251.9,14443,11143,11143,11143,13100,19009.5,19009.5,34910,46860,30337,31006,32007,32007,35308.476,36030,38692.5,38692.5,38692.5,31503,39423,40170,44410,59577,11795,12651,10880,10880,9654,9819,11153,11153,11153,10600,10560,10449,9196,9526,10350,10255,11250,11250,11050,13671,10930,10930,8930,5500,13730,13700,14230,14100,210,210,100,100,100,100,55,55,45,45,90,65,78,75,5936,5964,6400,6400,6540,6565,6065,6065,6065,6265,8265,10265,11265,14200,15342,15342,14887,14887,15102,15400,16500,16500,16500,16500,18535,15450,18510,23642,10723,10723,10880,10880,9045,9910,10775,10775,10775,10775,10551,11610,11635,11618,5750,5700,5700,5700,5575,5580,5580,5580,5500,5500,5600,5550,5620,5600,210,210,85,85,85,85,45,45,45,45,56,56,52,50,2466,2385,2500,2500,2485,2200,1837,1837,1837,2091,2300,1852,3099,3300,1977,2021,2150,2150,2338,2340,2345,2345,2345,1909,2127,2600,2399,2520,1100,1180,1000,1000,1067,991,1035,1035,1035,984,1001,900,790,820,1800,1799,1974,1974,1982,2450,1959,1959,1624,1000,2452,2468,2532,2518,1000,1000,1176,1176,1176,1176,1222,1222,1000,1000,1607,1161,1500,1500
20,Dhanusa,175560,180550,129960,177800,141926,150825,110143,161630,176000,164124,173521,185250,125054,116647,4750,5665,6500,6500,3500,4050,3068,2850,3850,4085,4966.5,6460.8,6662,6663,650,660,450,467,451,440,414,400,450,430,425,300,300,300,4.32,50000,53550,56100,57600,52400,60888.8,64500,57405,27500,96119,90357,108000,105000,0,0,0,0,0,0,0,0,0,0,5,1,1,1,65000,65000,60000,63500,58000,61260,52700,54790,55000,54462,61972,65000,45790,40635,2300,2600,2500,2500,1400,1500,1180,1250,1555,2065,2365,2019,2019,2019,500,500,450,425,410,400,410,400,400,425,425,300,300,300,24000,25000,25500,25500,25600,25500,26200,27700,27500,27500,38450,38450,40000,39500,0,0,0,0,0,0,0,0,0,4,5,1,1,1,2701,2778,2166,2800,2447,2462,2090,2950,3200,3014,2800,2850,2731,2871,2065,2179,2600,2600,2500,2700,2600,2280,2476,1978,2100,3200,3300,3300,1300,1320,1000,1099,1100,1100,1010,1000,1125,1012,1000,1000,1000,1000,0,2000,2100,2200,2250,2055,2324,2329,2087,1000,2500,2350,2700,2658,0,0,0,0,0,0,0,0,0,0,1000,1000,1000,1000
21,Mahottari,131300,121063,96594,121190,104165,98165,66998,115000,95500,67791,78440,97373,83584,65060,6201,6300,5850,5850,5850,5644,5895,5860,5860,5785,6118.25,6451.5,1500,1400,1100,220,500,500,460,320,383,383,426,426,232,215,0,0,29750,33440,33440,32400,32500,30500,37867,46494,41380,21540,45250,64820,63312,62312,120,120,120,30,30,30,32,50,50,50,50,10,10,10,48650,48330,48284,48284,40673,44050,33499,46000,40250,36195,34776,34776,28160,36144,2700,3000,3250,3250,2850,2822,2930,2930,2930,2585,1935,2435,750,700,1100,220,500,500,401,320,335,335,355,355,232,215,0,0,17500,17600,17600,17600,18050,18050,21037,22140,21540,21540,21540,26785,26815,26800,120,120,120,40,40,40,32,50,50,50,50,10,10,10,2699,2505,2001,2510,2561,2228,2000,2500,2373,1873,2256,2800,2968,1800,2297,2100,1800,1800,2053,2000,2012,2000,2000,2238,3162,2649,2000,2000,1000,1000,1000,1000,1147,1000,1143,1143,1200,1200,1000,1000,0,0,1700,1900,1900,1841,1801,1690,1800,2100,1921,1000,2101,2420,2361,2325,1000,1000,1000,750,750,750,1000,1000,1000,1000,1000,1000,1000,1000
22,Sarlahi,114743,123925,106649,114747,97196,95417,84715.68,90000,96480,95355,111360,143635,92905,112985,18491,17815,21610,21610,20012.5,21000,15375,15298,15298,15500,17062.5,17062.5,19677,25283,600,620,500,600,1500,1500,1500,120,120,175,215,1000,950,950,42336,46580,50458,55550,55000,53900,62734.55,62734.55,55834,28000,56000,67200,65750,63750,20,20,20,20,20,20,50,50,50,50,50,50,275,75,44115,44215,42831,42831,37821,40974,37156,38750,38750,38405,39350,39352,38400,45500,8005,8500,8005,8005,8005,8005,7500,7250,7250,7540,8125,10050,3655,5440,500,560,500,500,1580,1580,1500,120,120,175,215,1000,950,950,23520,24520,25229,25250,25250,25700,27395,27395,27100,28000,28000,28000,26500,22500,20,20,20,20,20,20,50,50,50,50,50,300,275,75,2601,2803,2490,2679,2570,2329,2280,2323,2490,2483,2830,3650,2419,2483,2310,2096,2700,2700,2500,2623,2050,2110,2110,2056,2100,1698,5384,4648,1200,1107,1000,1200,949,949,1000,1000,1000,1000,1000,1000,1000,1000,1800,1900,2000,2200,2178,2097,2290,2290,2060,1000,2000,2400,2481,2833,1000,1000,1000,1000,1000,1000,1000,1000,1000,1000,1000,167,1000,1000
23,Sindhupalchok,22526,26450,24580,25690,32936.459,32287,32887.5,32887.5,36439,28800,27002,28290,26486,28446,35346,40683,43200,46454,50323.5,44940,47250,47250,51490,46500,52624,57078.25,50833,53958,24387,25000,19400,24215,21104,20500,19500,19500,21070,22000,19330,21263,21252,21252,12550,14480,15550,12177,19060,19060,18500,18500,12100,9030,6650,7010,9336,7862,845,65,567,567,0,0,0,0,0,0,242,210,205,200,10129,10530,10662,10627,13627,13320,13155,13155,13920,13020,12924,12300,12220,12235,20550,20547,21600,21866,22366,21400,21000,21000,21895,21800,23920,24925,24900,24907,19650,19000,19400,19440,19440,19300,19500,19500,19295,19295,19330,19330,19320,19320,7775,7825,7830,7800,9530,9530,9530,9530,9030,9030,7000,7010,7020,7010,625,50,417,417,0,0,0,0,0,0,220,210,205,200,2224,2512,2305,2417,2417,2424,2500,2500,2618,2212,2089,2300,2167,2325,1720,1980,2000,2124,2250,2100,2250,2250,2352,2133,2200,2290,2041,2166,1241,1316,1000,1246,1086,1062,1000,1000,1092,1140,1000,1100,1100,1100,1614,1850,1986,1561,2000,2000,1941,1941,1340,1000,950,1000,1330,1122,1352,1300,1360,1360,0,0,0,0,0,0,1100,1000,1000,1000
24,Kavre,39768,46750,46800,46900,38340,35470,33500,35845,31899,31899,32915,31512,36350,30418,51100,50900,58320,59000,53400,53500,53500,55640,56288,56288,56096,62937,48334,51592,1350,1500,1500,1000,3465,3510,3510,3500,3505,3604,3550,3850,3506,3501,21750,21750,28000,30000,26000,26000,22050,22050,18286,12550,21001,21478,20905,18900,700,700,750,1000,760,760,740,740,740,740,750,825,1425,825,14850,15150,15200,15000,11875,11105,10550,10550,11275,11275,11350,10100,10310,10100,25550,25500,25500,25000,23200,23200,23200,23200,24279,24279,24279,24300,25353,24278,1350,1500,1500,1000,3500,3500,3500,3450,3505,3555,3505,3500,3505,3505,11550,11550,11500,11500,12950,12950,12950,12950,12550,12550,9995,9950,9950,9900,700,700,700,1000,760,760,760,760,760,760,750,750,750,750,2678,3086,3079,3127,3229,3194,3175,3398,2829,2829,2900,3120,3526,3012,2000,1996,2287,2360,2302,2306,2306,2398,2318,2318,2310,2590,1906,2125,1000,1000,1000,1000,990,1003,1003,1014,1000,1014,1013,1100,1000,999,1883,1883,2435,2609,2008,2008,1703,1703,1457,1000,2101,2159,2101,1909,1000,1000,1071,1000,1000,1000,974,974,974,974,1000,1100,1900,1100
25,Bhaktapur,25310,25850,27010,27010,27018,24610,28000,28248,28248,19493,23220,25241.6,25653,26958,6200,7035,6702,6702,6120,6120,6100,6441,6441,5269,6000,7978,7876,8860,200,180,160,200,140,140,140,140,140,100,140,140,150,153,10150,10100,10100,11340.956,11340.956,10500,11178.25,11178.25,9884,9884,9884,11060,11559,10800,40,40,40,50,50,50,50,50,50,50,50,55,55,50,4700,4700,4577,4577,4503,4480,4480,4400,4400,4326,4300,4252,4348,4352,2100,2100,2037,2037,2040,2040,2035,2035,2035,1793,2000,1970,1969,1969,160,350,160,160,100,100,100,100,100,100,100,100,106,106,4050,4050,3847,3847,3847,3847,3665,3665,3665,3665,3200,3150,3150,3100,25,25,25,50,50,50,50,50,50,50,50,50,50,50,5385,5500,5901,5901,6000,5493,6250,6420,6420,4506,5400,5936,5900,6194,2952,3350,3290,3290,3000,3000,2998,3165,3165,2939,3000,4050,4000,4500,1250,514,1000,1250,1400,1400,1400,1400,1400,1000,1400,1400,1415,1443,2506,2494,2625,2948,2948,2729,3050,3050,2697,2697,3089,3511,3670,3484,1600,1600,1600,1000,1000,1000,1000,1000,1000,1000,1000,1100,1100,1000
26,Lalitpur,19740,19664,27540,25423,26068,23000,22504,22645,22645,21060,21390,26676,25272,26442,10925,10915,18070,17089,23352,23352,17775,18500,18500,19543,22979,34579,24049,24908,1700,1750,630,732,751,751,699,786,786,786,672,690,690,575,8977,9900,9900,10650,11098,10050,9094,9094,7820,4060,12617,14690,12340,10900,263,263,263,263,263,263,280,280,250,250,72,70,70,70,4200,4200,5044,4949,4655,4600,4640,4650,4650,4680,4650,4600,4680,4680,5750,6470,6125,6150,8649,8649,8940,8640,8640,8530,8589,10806,8589,8589,1350,1350,630,610,610,610,608,605,605,600,580,575,575,575,4275,4125,4125,4065,4060,4060,4065,4065,4060,4060,4070,4060,4050,4000,239,235,235,225,225,225,225,225,220,220,80,70,65,65,4700,4682,5460,5137,5600,5000,4850,4870,4870,4500,4600,5799,5400,5650,1900,1687,2950,2779,2700,2700,1988,2141,2141,2291,2675,3200,2800,2900,1259,1296,1000,1200,1231,1231,1150,1299,1299,1310,1159,1200,1200,1000,2100,2400,2400,2620,2733,2475,2237,2237,1926,1000,3100,3618,3047,2725,1100,1119,1119,1169,1169,1169,1244,1244,1136,1136,900,1000,1077,1077
27,Kathmandu,47529,45015,46170,46170,46170,41250,40800,42800,43250,35700,41730,46080,48500,45245,20979,21742,23860,23860,15960,15148,15633,16500,17920,18260,21260,28496,27203,33164,990,1004,900,900,890,880,860,870,850,850,715,852,850,852,12671,12671,12671,12140,14640,14100,16220,17700,14284,5800,14284,15903,16138,13138,11,11,11,8,8,8,8,8,7,7,7,7,8,5,9000,9000,8100,8100,8100,8000,8000,8000,8050,8050,8025,8000,7950,7940,7770,7765,7300,7300,5700,5410,5400,5400,5800,7400,7400,7124,7100,9923,990,996,900,900,890,880,860,870,850,850,714,852,850,852,7020,7020,7020,6200,6100,6100,5900,5900,5800,5800,5000,4742,4829,4529,10,10,10,10,9,9,9,9,7,7,7,7,8,5,5281,5002,5700,5700,5700,5156,5100,5350,5373,4435,5200,5760,6101,5698,2700,2800,3268,3268,2800,2800,2895,3056,3090,2468,2873,4000,3831,3342,1000,1008,1000,1000,1000,1000,1000,1000,1000,1000,1001,1000,1000,1000,1805,1805,1805,1958,2400,2311,2749,3000,2463,1000,2857,3354,3342,2901,1100,1100,1100,800,889,889,889,889,1000,1000,1000,1000,1000,1000
28,Rasuwa,2465,2234,2460,2460,2634,3000,3000,3300,3300,2838,2908.4,3599.04,2982,3240,3375,3549,3370,3370,4347,4347,4347,4500,4500,3984,4535,4700.52,3549,5080,1330,1436,1330,1330,1155,1155,1155,1155,1155,1060,1035,901.6,791,833,840,1615,1615,1615,1641,1641,1500,1500,1393,842,1258,1645,1720,1856,335,420,420,377,432,432,432,432,344,344,396,398,383,190,1231,1234,1230,1230,1317,1325,1325,1325,1325,1239,1322,1304,1304,1305,2250,2152,2250,2250,2350,2350,2350,2350,2350,2370,2338,2374,2324,2430,1330,1330,1330,1330,1050,1050,1050,1050,1050,1050,1045,980,980,900,900,850,850,850,882,882,882,882,842,842,850,700,680,740,335,300,300,300,270,270,270,270,300,300,300,300,290,173,2002,1810,2000,2000,2000,2264,2264,2491,2491,2291,2200,2760,2287,2483,1500,1649,1498,1498,1850,1850,1850,1915,1915,1681,1940,1980,1527,2091,1000,1080,1000,1000,1100,1100,1100,1100,1100,1010,990,920,807,926,933,1900,1900,1900,1861,1861,1701,1701,1654,1000,1480,2350,2529,2508,1000,1400,1400,1257,1600,1600,1600,1600,1147,1147,1320,1327,1321,1098
29,Nuwakot,46160,48310,54990,54990,54529.21,54408,55000,57750,59700,57700,54843,56453,57500,63167,38245,35300,41355,40692,40693,35550,35550,38040,43658,43658,53509,56811,41434,58845,6990,6400,5900,6490,6500,7850,7080,7800,7051,7051,10449,10681.2,9153,9728,11951,11900,12405,12568,16120,15100,12597.25,12597.25,11447,5451,15062,15102,15062,17500,2,2,2,2,2,2,2,2,3,3,250,200,228,225,18764,18945,18233,18265,18110,18136,18136,18935,18965,18965,16625,14625,14650,14695,19660,20490,20173,20173,20173,19750,19750,20228,20120,20120,20115,19590,20100,19615,5900,5900,5900,5900,5900,5900,5900,5900,5822,5822,5805,5805,5085,5120,6220,6225,6225,6225,6468,6468,6145,6145,5451,5451,5477,5475,5477,5470,5,5,4,4,4,4,4,4,4,4,200,200,190,200,2460,2550,3016,3011,3011,3000,3033,3050,3148,3042,3299,3860,3925,4299,1945,1723,2050,2017,2017,1800,1800,1881,2170,2170,2660,2900,2061,3000,1185,1085,1000,1100,1102,1331,1200,1322,1211,1211,1800,1840,1800,1900,1921,1912,1993,2019,2492,2335,2050,2050,2100,1000,2750,2758,2750,3199,400,400,500,500,500,500,500,500,750,750,1250,1000,1200,1125
30,Dhading,31548,37665,45560,45560,47055.024,46590,37713,42000,42500,34605,40882,38187,33349,48100,30348,33989,40918,40918,40918.5,40736,30736,33500,33950,23171,43670,26081.04,24383,48613,5702,5700,7250,7010,7303,7603,7590,7615,7540,7540,7160,6930,6445,6953,7450,7450,8575,8575,9636,9600,9600,9472,7914,4680,7914,9600,12101,10100,353,353,355,350,370,370,370,347,350,350,350,350,360,350,14015,14657,14949,14949,15438,15750,15800,16100,16720,14010,16670,14750,12262,12645,17690,17700,19485,19485,19485,19453,19453,19480,19465,15343,17468,15342,14873,19445,6870,6870,7250,7250,7589,7589,7590,7585,7540,7520,7140,6930,6930,6930,4715,4715,4900,4900,4835,4741,4741,4785,4680,4680,4680,4800,4810,4800,372,372,370,370,370,370,370,365,350,350,350,350,350,350,2251,2570,3048,3048,3048,2958,2387,2609,2542,2470,2452,2589,2720,3804,1716,1920,2100,2100,2100,2094,1580,1720,1744,1510,2500,1700,1639,2500,830,830,1000,967,962,1002,1000,1004,1000,1003,1003,1000,930,1003,1580,1580,1750,1750,1993,2025,2025,1980,1691,1000,1691,2000,2516,2104,949,949,959,946,1000,1000,1000,951,1000,1000,1000,1000,1029,1000
31,Rautahat,128125,140374,131850,138800,128186,112805,107932,113856,124480,112200,112391.796,136177.5,67575,95607,6030,5360,5251,5015,4650,4650,5298,4850,5050,4637,4964.5,5292,5544,5500,96,96,75,75,75,75,75,56,54,65,45,51,51,52,24800,21410,24410,26372,22669,22669,32430,38310,34093,15300,37020,41626,48050,48000,178,140,152,150,52,52,52,52,52,52,52,5,5,5,51250,50400,49570,49570,50591,48500,48400,46800,46800,45396,42396,40650,30125,30500,3350,3350,2950,2950,2440,2440,2694,2694,2694,2655,4950,1680,1680,1700,80,80,75,75,75,75,75,70,60,60,60,60,60,60,12400,12450,12520,12559,12962,12962,14100,15300,15300,15300,15300,15550,15500,15450,180,160,184,180,52,52,52,52,52,52,52,5,5,5,2500,2785,2660,2800,2534,2326,2230,2433,2660,2472,2651,3350,2243,3135,1800,1600,1780,1700,1906,1906,1967,1800,1875,1747,1003,3150,3300,3235,1200,1200,1000,1000,1000,1000,1000,800,900,1083,750,850,850,867,2000,1720,1950,2100,1749,1749,2300,2504,2228,1000,2420,2677,3100,3107,989,875,826,833,1000,1000,1000,1000,1000,1000,1000,1000,1000,1000
32,Bara,181930,190199,205240,206500,200940,200230,186220.8,205710,213565,183946,168720,221340,231880,259781,5600,7000,5490,5225,5225,5292,6300,5910,6900,6900,21000,30750,21120,86260,130,125,102,76,76,112,93,80,100,101,85,98.56,91,105,64714,66520,60763,74525,79750,81067.8,89440.05,92985,88900,92900,96900,92800,94600,93600,80,80,80,80,75,70,75,66,66,66,66,64,63,90,54405,55875,54600,54590,53087,54500,51728,54878,55335,52615,52725,52700,53400,54680,3050,3125,3050,3000,3110,3150,3150,3100,3100,3100,7500,7500,5150,13478,100,125,102,105,102,100,73,70,75,78,78,77,70,78,27200,27300,27500,27500,29000,28545,28945,28995,28900,28900,29000,29000,29200,29100,105,100,105,105,100,70,68,68,68,68,68,72,72,85,3344,3404,3759,3783,3785,3674,3600,3748,3859,3496,3200,4200,4342,4751,1836,2240,1800,1742,1680,1680,2000,1906,2226,2226,2800,4100,4101,6400,1300,1000,1000,724,745,1120,1274,1143,1333,1295,1090,1280,1300,1346,2379,2437,2210,2710,2750,2840,3090,3207,3076,3215,3341,3200,3240,3216,762,800,762,762,750,1000,1103,971,971,971,971,889,875,1059
33,Parsa,147716,154912,165650,165650,160612,160500,153360,169510,177980,150900,159208,192966,164360,158814,11180,11475,11329,11329,11137.5,13381,12880,12558,12600,12600,12447,16288,14263,14262,175,105,103,103,90,90,75,80,75,75,83,75.44,77,86,40090,49125,55000,59625,63700,60536,69600,72775,69770,23600,75700,82600,81600,80680,96,96,105,97,60,50,50,34,34,34,34,48,39,40,46775,46780,44735,44735,43373,44200,43200,46000,46200,44814,46690,44360,44360,43710,4300,4250,4150,4150,4050,4055,4025,4050,4100,4100,4065,4072,4075,4075,175,105,103,103,90,90,80,80,75,75,81,82,85,86,21100,21500,22000,22500,23250,23500,24000,23650,23600,23600,23600,23600,23650,23600,80,80,75,65,40,40,40,34,34,34,34,40,39,39,3158,3312,3703,3703,3703,3631,3550,3685,3852,3367,3410,4350,3705,3633,2600,2700,2730,2730,2750,3300,3200,3101,3073,3073,3062,4000,3500,3500,1000,1000,1000,1000,1000,1000,938,1000,1000,1000,1025,920,906,1000,1900,2285,2500,2650,2740,2576,2900,3077,2956,1000,3208,3500,3450,3419,1200,1200,1400,1492,1500,1250,1250,1000,1000,1000,1000,1200,1000,1026
34,Makwanpur,32707,33864,29480,29480,30976.95,32722.95,34249.14,37347,37500,37065,36630,37552,36663,38381,38705,45411,41174,41174,41145,41145,48539.4,43345,44520,36673,40456,40456,63114,67870,3220,3220,2800,3135,3127,3127,3216,3235,3300,3192,3206,3254,3257,3280,7455,7500,7500,10400,11147,10850,10662,11978,8826,4192,11796,12007,12150,12007,35,33,33,30,30,30,120,110,29,25,25,26,26,26,12250,12480,10135,10135,10645,11245,11493,12660,12700,13180,11100,11110,11110,11125,19450,19300,19500,19500,19500,19500,19812,18037,18050,15598,15560,23636,23636,23648,2875,2875,2800,2800,2792,2792,2961,2792,2900,2860,2850,2660,2660,2645,4295,4300,4300,4160,4160,4160,4265,4203,4203,4192,4213,4210,4213,4200,28,26,26,25,25,25,100,80,21,21,25,20,20,20,2670,2713,2909,2909,2910,2910,2980,2950,2953,2812,3300,3380,3300,3450,1990,2353,2111,2111,2110,2110,2450,2403,2466,2351,2600,1712,2670,2870,1120,1120,1000,1120,1120,1120,1086,1159,1138,1116,1125,1223,1224,1240,1736,1744,1744,2500,2680,2608,2500,2850,2100,1000,2800,2852,2884,2859,1250,1269,1269,1200,1200,1200,1200,1375,1381,1190,1000,1300,1300,1300
35,Chitwan,103830,112025,98815,91280,93702,78280,80407.6,105700,107815,85406,110944,103495.95,94800,100555,61275,61500,47300,60510,52147,44110,57820,59658,59660,46060,52463,30000,10500,29250,1800,2400,2000,1600,1990,1950,1810,1810,1815,1868,1868,1750,1650,1600,12750,20700,23700,25586,22000,22425.6,22520,23600,21004,9010,26533,27125,30125,29899,280,280,280,280,364,368,390,375,300,300,61,61,50,45,33700,33800,31876,32600,33465,32972,28717,32755,32755,29605,32770,29655,28625,29575,28500,28500,28600,27170,20450,20450,20650,21150,21150,18050,20660,10000,3490,9750,1500,2000,2000,2000,1990,1950,1815,1815,1815,1810,1810,1750,1650,1650,8500,10100,10100,10000,8450,8760,9015,9010,9010,9010,8728,8750,8750,8550,350,350,350,350,259,260,260,250,250,250,61,61,50,40,3081,3314,3100,2800,2800,2374,2800,3227,3292,2885,3386,3490,3312,3400,2150,2158,1654,2227,2550,2157,2800,2821,2821,2552,2539,3000,3009,3000,1200,1200,1000,800,1000,1000,997,997,1000,1032,1032,1000,1000,970,1500,2050,2347,2559,2604,2560,2498,2619,2331,1000,3040,3100,3443,3497,800,800,800,800,1405,1415,1500,1500,1200,1200,1000,1000,1000,1125
36,Gorkha,38944,43783,43495,42033,42449.045,42000,44116,48100,48500,43996,49276,49276,37555,41250,30270,35135,38500,40090,40154.1,48285,48375,49150,47212,41602,43537,39692.1,45471,45480,15960,15984,13780,16350,16490,16490,13781,13800,13821,12679,11605,11605,13926,13928,6568,6661,7799,8541,9470,9470,8725,7479,6157,4155,7240,7592,7234,7334,223,225,225,228,207,207,207,260,200,105,110,100,118,119,16073,16911,17000,17000,17165,17555,17735,17900,17900,17785,17785,12085,12661,12765,18590,18590,18420,19090,19121,19314,19350,19350,19350,19350,19350,17028,19353,19353,13780,13780,13780,13740,13740,13740,11679,11670,11680,11679,11605,11605,0,11605,4105,4105,4105,4146,4121,4150,4155,4155,4155,4155,4120,4115,3910,3900,248,250,250,260,230,230,230,260,230,105,110,100,107,108,2423,2589,2559,2473,2473,2392,2488,2687,2709,2474,2771,4077,2966,3231,1628,1890,2090,2100,2100,2500,2500,2540,2440,2150,2250,2331,2350,2350,1158,1160,1000,1190,1200,1200,1180,1183,1183,1086,1000,1000,0,1200,1600,1623,1900,2060,2298,2282,2100,1800,1482,1000,1757,1845,1850,1881,899,900,900,877,900,900,900,1000,870,1000,1000,1000,1103,1102
37,Lamjung,27866,27494,27800,27800,46472.5,46120,32213,33342,36541,25770,33883.5,40437,42115,47115,20238,24015,20240,20240,38244,38012,38277,38280,38890,35775,39137,39591,35654,52984,9770,7520,9770,7776,7776,8010,7512,7512,7500,8212,7919,9898,9936,7523,8343,8250,8500,8500,8451,7819,7740,7740,6289,3840,6500,1375,1275,1375,185,185,28,28,26,45,27,27,25,27,27,28,25,27,12100,12791,12100,12100,16025,15530,15553,16030,16030,15553,16135,15553,16153,16453,11835,11930,11840,11840,15935,15935,15990,15990,15990,15900,15900,15900,15900,22725,9770,8090,9770,8100,8120,7988,7900,7900,7500,7900,7919,7919,11605,7919,4300,4345,4085,4085,4000,3840,3840,3840,3840,3840,3740,640,600,500,200,200,25,25,28,52,28,28,28,28,28,28,25,28,2303,2149,2298,2298,2900,2970,2071,2080,2280,1657,2100,2600,2607,2864,1710,2013,1709,1709,2400,2385,2394,2394,2432,2250,2461,2490,2242,2332,1000,930,1000,960,958,1003,951,951,1000,1039,1000,1250,856,950,1940,1899,2081,2081,2113,2036,2016,2016,1638,1000,1738,2148,2125,2750,925,925,1120,1120,929,865,964,964,893,964,964,1000,1000,964
38,Tanahu,46607,51918,45420,45420,51496,46704,47449.6,52670,55524,45552,58380,43105,48168,58604,47637,52316,42435,46466,57096,58220,58707.9,59880,59362,57147,68425,63970,71630,71630,7730,7809,6425,7700,8089,8346,6180,6200,6274,7289,6715,6710,6710,5715,4839,5248,5526,5520,4870,3850,3990,3990,3200,1905,3435,3626,3662,3705,8,9,8,8,8,8,7,7,5,6,5,6,6,6,16604,16840,16850,16850,16713,16800,16850,18950,19050,18850,20850,13150,14865,16415,21765,22000,21770,21960,21960,21970,22755,22500,22150,22150,26029,22150,26045,26045,6420,6427,6425,6550,6550,6600,6700,6705,6710,6700,6710,6710,7919,6350,2650,2560,2495,2495,2300,2200,2250,2250,1900,1905,1905,1900,1905,1900,11,12,11,11,10,10,7,7,6,6,6,6,6,6,2807,3083,2696,2696,3081,2780,2816,2779,2915,2417,2800,3278,3240,3570,2189,2378,1949,2116,2600,2650,2580,2661,2680,2580,2629,2888,2750,2750,1204,1215,1000,1176,1235,1265,922,925,935,1088,1001,1000,847,900,1826,2050,2215,2212,2117,1750,1773,1773,1684,1000,1803,1908,1922,1950,727,750,727,727,800,800,1000,1000,833,1000,833,1000,1000,1000
39,Manang,0,0,0,0,0,0,0,0,0,0,0,0,0,0,240,205,250,350,355,365,365,365,365,455,518,425,485,345,0,0,0,0,0,0,3,3,3,3,0,0,0,0,461,545,450,450,450,580,625,640,454,285,644,645,568,615,230,271,117,466,466,243,233,243,240,234,273,200,292,215,0,0,0,0,0,0,0,0,0,0,0,0,0,0,170,165,175,171,200,166,166,166,166,175,185,175,189,176,0,0,0,0,0,0,3,3,3,3,0,0,0,0,295,300,300,300,300,302,291,291,290,285,293,293,258,276,187,187,88,442,442,187,187,187,180,180,184,100,177,100,0,0,0,0,0,0,0,0,0,0,0,0,0,0,1412,1242,1429,2047,1775,2199,2199,2199,2199,2600,2800,2429,2566,1960,0,0,0,0,0,0,1000,1000,1000,1000,0,0,0,0,1563,1817,1500,1500,1500,1921,2148,2199,1566,1000,2198,2201,2202,2228,1230,1449,1330,1054,1054,1299,1246,1299,1333,1300,1484,2000,1650,2150
40,Kaski,39649,51855,51680,51894,51890,54399.6,45371.45,50815,61990,60850,66700,76850,78256,80560,32400,28450,31680,32160,32682,35684,36630,37910,41645,41200,52000,32943,42549,52549,12829,10557,10524,14730,14730,15037.49,19410,19410,19410,18297,17568,17700,17094,17278,11000,11000,15150,15150,18313,19298,18092.1,15760,13396,7600,14200,14545,16100,15503,220,220,173,170,225,250,180,148,150,115,109,121,113,110,18089,18533,18590,18600,18609,18630,19307,19310,20100,21000,23000,22500,21500,22050,15805,15805,16000,16000,16035,16037,16310,16300,16300,16800,20800,14010,15573,20573,10557,10557,10524,10488,10488,11479,14485,14485,16101,16050,16640,15110,6710,14767,6415,6415,6500,6500,9091,9278,9278,7922,6900,7600,7000,7130,6821,6820,201,201,157,157,191,194,194,166,160,137,129,138,131,130,2192,2798,2780,2790,2788,2920,2350,2632,3084,2898,2900,3416,3640,3654,2050,1800,1980,2010,2038,2225,2246,2326,2555,2452,2500,2351,2732,2554,1215,1000,1000,1404,1404,1310,1340,1340,1206,1140,1056,1171,2548,1170,1715,1715,2331,2331,2014,2080,1950,1989,1941,1000,2029,2040,2360,2273,1095,1095,1102,1083,1178,1289,928,892,938,839,845,877,863,846
41,Syangja,31460,43171,41500,41520,47061.2,47061.2,42660.992,47990,51589,51589,58240,58130,60829,63662,44100,57600,64680,65000,80080,80080,81774,86725,88300,88300,97028,92750,92675,81377,15500,21000,17500,21000,20400,20400,20160,20320,19341,19341,19325,19325,19326,18815,11900,15480,15480,18375,18375,18232,17850,15200,11920,6430,13200,12150,11150,10150,90,90,90,360,360,310,140,110,110,120,120,8,9,5,14300,14570,15170,15170,16228,16228,16258,17500,17550,17550,19455,17000,17030,18030,28600,28800,28800,28800,30800,30800,30800,30800,30800,30800,30900,26500,30905,30905,15565,17500,17500,18000,17000,17000,16800,16800,16800,16800,16805,16805,8770,16805,7000,7550,7550,7500,7600,7510,7600,7600,7450,6430,6500,5800,5800,5798,90,90,90,400,400,400,200,200,200,200,200,9,9,6,2200,2963,2736,2737,2900,2900,2624,2742,2940,2940,2994,3419,3572,3531,1542,2000,2246,2257,2600,2600,2655,2816,2867,2867,3140,3500,2999,2633,996,1200,1000,1167,1200,1200,1200,1210,1151,1151,1150,1150,2204,1120,1700,2050,2050,2450,2418,2428,2349,2000,1600,1000,2031,2095,1922,1751,1000,1000,1000,900,900,775,700,550,550,600,600,889,1000,833
42,Nawalparasi,130955,140716,141505,141505,137259.85,131574,116383,149233,165425,138749,180373,191337,179110,196775,15800,19460,16968,19610,21014,23154,24250,24900,24950,23520,33680,26000,35025,25310,565,550,500,550,550,550,500,500,500,550,500,495,495,515,42750,42087,39364,43113,43113,40100,45600,46500,44200,45170,46140,54140,50269,48808,121,121,120,120,120,120,132,130,75,88,88,180,100,10,45152,46947,46977,46507,45507,45500,45490,46490,46490,44590,46690,44890,45690,48350,9240,940,8080,9245,9500,9345,9695,9695,9700,9400,10750,8400,10750,10750,500,500,500,500,550,500,500,500,500,500,500,450,505,500,19000,18975,18745,18745,18745,18745,18830,18850,18850,18800,18830,18830,18030,18010,105,105,105,105,105,105,120,120,90,88,88,90,88,10,2900,2997,3012,3043,3016,2892,2558,3210,3558,3112,3863,4262,3920,4070,1710,20702,2100,2121,2212,2478,2501,2568,2572,2502,3133,3095,3258,2354,1130,1100,1000,1100,1000,1100,1000,1000,1000,1100,1000,1100,980,1030,2250,2218,2100,2300,2300,2139,2422,2467,2345,2403,2450,2875,2788,2710,1152,1152,1143,1143,1143,1143,1100,1083,833,1000,1000,2000,1136,1000
43,Palpa,26080,25612,20475,20475,23201.5,23201.5,18302,23695,23900,21009,25210,29280,32292,35267,41162,43268,38807,38807,40050,40250,42283.5,47532,47940,43729,42417,43070,40368,40879,3298,2667,2433,2408,2515,2515,2415,2504,2550,2590,2920,2590,2588,2587,10450,11600,12101,12803,12803,11830,12150,12150,9903,6235,13425,13422,13737,13853,245,220,220,222,222,202,33,33,33,49,38,39,37,37,9376,9406,9399,9399,9470,9470,8251,8795,8795,8575,9561,8750,9566,9430,20358,20125,20562,20562,20132,20134,20135,20140,20210,20210,21563,20210,21580,21583,3010,2425,2433,2433,2435,2435,2415,2420,2540,2540,2580,2540,16805,2538,5930,5951,5955,5970,5940,5975,6230,6230,6235,6235,6235,6230,6240,6200,258,230,228,227,229,225,35,35,35,30,30,28,26,26,2782,2723,2178,2178,2450,2450,2218,2694,2717,2450,2637,3346,3376,3740,2022,2150,1887,1887,1989,1999,2100,2360,2372,2164,1967,2131,1871,1894,1096,1100,1000,990,1033,1033,1000,1035,1004,1020,1132,1020,154,1019,1762,1949,2032,2145,2155,1980,1950,1950,1588,1000,2153,2154,2201,2234,950,957,965,978,969,898,943,943,943,1633,1267,1393,1423,1423
44,Rupandehi,204906,198800,208430,213100,177367.68,168258,172500,217500,253750,241875,278850,301000,319695,329500,600,1779,950,1020,1020,1541,2187.5,2250,3180,6000,7240,6900,10530,10500,10,70,10,5,5,0,90,90,100,110,100,0,0,125,45815,60780,67100,76250,76250,72400,85250,98150,94150,31000,105900,106750,97840,106750,30,30,30,30,30,30,30,30,25,30,30,30,210,210,71000,71800,71230,71230,71232,67670,69000,72500,72500,72500,71500,70500,70000,70500,500,1779,500,510,510,550,875,900,1250,2400,2500,2300,2550,2650,10,60,10,5,5,0,100,100,100,100,100,0,450,120,25453,28900,30500,30500,30500,30400,31000,32000,32000,31000,30500,30500,30500,30400,30,30,30,30,30,30,30,30,30,30,30,100,100,100,2886,2769,2926,2992,2490,2486,2500,3000,3500,3336,3900,4270,4567,4674,1200,1000,1900,2000,2000,2802,2500,2500,2544,2500,2896,3000,4129,3962,1000,1167,1000,1000,1000,0,900,900,1000,1100,1000,0,0,1042,1800,2103,2200,2500,2500,2382,2750,3067,2942,1000,3472,3500,3208,3512,1000,1000,1000,1000,1000,1000,1000,1000,833,1000,1000,300,2100,2100
45,Gulmi,22489,26523,22480,22480,22690.464,23189.232,23688,23688,24753,24753,24500.8,22924,22312,25339,29502,24039,29500,29500,38870,39656,39656,39656,39864,39864,43908.8,55292,58542,52519,3582,3875,2960,3580,3707,3703,3703,3703,3971,3971,2857.6,2863.5,2589,2900,12036,11660,12518,12000,11041.5,9800,11740,14552,8303,8098,15796,14978,16048,14866,465,450,510,500,520,450,470,539,282,589,570,555,627,666,10214,10580,10215,10215,9987,10680,9517,9517,9958,9958,10426,9964,10408,10484,21350,22300,21350,21350,20034,20050,20050,20050,21034,21034,24845,24040,24856,24844,2960,2960,2960,2960,2735,2730,2730,2730,2915,2915,2916,2922,18635,2900,6385,6377,6420,6410,6495,6495,8095,8095,7434,8098,8100,8074,8105,8095,385,375,378,378,375,375,380,382,344,380,380,370,380,370,2202,2507,2201,2201,2272,2171,2489,2489,2486,2486,2350,2301,2144,2417,1382,1078,1382,1382,1940,1978,1978,1978,1895,1895,1767,2300,2355,2114,1210,1309,1000,1209,1355,1356,1356,1356,1362,1362,980,980,139,1000,1885,1828,1950,1872,1700,1509,1450,1798,1117,1000,1950,1855,1980,1836,1208,1200,1349,1323,1387,1200,1237,1411,820,1550,1500,1500,1650,1800
46,Arghakhanchi,13900,17010,13900,13900,13900,13900,14500,14500,19545,19220,22796.8,26204.8,25437,26306,28350,32175,28350,28350,28350,28350,28350,28350,36311,36300,25485,41150,49441,49448,850,820,850,850,850,850,850,850,998,980,880,608,606,606,9800,11971,11971,11970,11970,11500,13946,13720,8630,7340,13478,12478,13698,12952,812,120,120,120,120,120,554,510,472,480,593,570,570,420,7700,7710,7700,7700,7700,7700,7419,7419,8735,8720,8768,8189,8672,8672,16500,16500,16500,16500,16500,16500,16500,16500,16889,16509,16915,16500,16914,16915,850,850,850,850,850,850,850,850,825,800,820,507,2918,505,7000,7375,7375,7375,7375,7375,7340,7300,7340,7340,7340,7340,7340,7335,812,120,120,120,120,120,504,485,485,480,485,475,475,350,1805,2206,1805,1805,1805,1805,1954,1954,2238,2204,2600,3200,2933,3033,1718,1950,1718,1718,1718,1718,1718,1718,2150,2199,1507,2494,2923,2923,1000,965,1000,1000,1000,1000,1000,1000,1210,1225,1073,1199,208,1200,1400,1623,1623,1623,1623,1559,1900,1879,1176,1000,1836,1700,1866,1766,1000,1000,1000,1000,1000,1000,1099,1052,973,1000,1223,1200,1200,1200
47,Kapilbastu,173255,177375,100500,173200,127710,149330,141572,154490,190350,160290,225000,207350,205118,235436,1604,1716,1200,1000,1000,2730,2604,2630,3013,3027,3527,1920,3350,3302,105,105,100,100,100,100,140,140,140,140,100,0,0,0,29891,42940,50000,57420,56000,52640,65550,68400,63612,31000,96986,89815,81248,89900,110,110,110,110,105,105,105,105,110,260,280,380,400,350,71180,70950,67000,70500,68500,68500,68880,68870,69960,69950,72000,71500,71000,72000,790,800,800,500,500,1300,1240,1240,1240,1390,1390,760,1400,1370,105,105,100,100,100,100,150,140,140,140,100,0,0,0,21645,22600,25000,26000,28000,27560,28500,28500,28550,31000,29995,29995,27250,31000,110,110,100,100,100,100,100,100,100,200,200,200,200,200,2434,2500,1500,2457,1864,2180,2055,2243,2721,2291,3125,2900,2889,3270,2030,2145,1500,2000,2000,2100,2100,2121,2430,2178,2537,2526,2393,2410,1000,1000,1000,1000,1000,1000,933,1000,1000,1000,1000,0,0,0,1381,1900,2000,2208,2000,1910,2300,2400,2228,1000,3233,2994,2982,2900,1000,1000,1100,1100,1050,1050,1050,1050,1100,1300,1400,1900,2000,1750
48,Mustang,0,0,0,0,0,0,0,0,0,0,0,0,0,0,197,195,910,766,780,780,780,798,795,810,810,810,770,770,0,0,0,0,0,0,4,4,4,4,0,0,0,0,1520,1520,1675,1050,1100,1100,1301,1600,1024,600,1081,1080,1080,1110,806,806,867,350,613,513,392,615,400,368,475,500,500,506,0,0,0,0,0,0,0,0,0,0,0,0,0,0,140,150,522,525,525,525,525,537,537,525,525,525,525,530,0,0,0,0,0,0,4,4,4,4,0,0,0,0,875,875,679,675,641,641,635,624,620,600,601,600,600,604,544,544,445,360,437,437,311,321,330,275,270,270,270,273,0,0,0,0,0,0,0,0,0,0,0,0,0,0,1407,1300,1743,1459,1486,1486,1486,1486,1480,1543,1543,1543,1467,1453,0,0,0,0,0,0,1000,1000,1000,1000,0,0,0,0,1737,1737,2467,1556,1716,1716,2049,2564,1652,1000,1799,1800,1800,1838,1482,1482,1948,972,1403,1174,1260,1916,1212,1338,1759,1852,1852,1853
49,Myagdi,8821,8972,9039,9039,7633,7633,7030,9348,10680,9612,10256.4,11486,12060,12464,14350,9573,16670,16670,24374.7,24374.7,24374.7,25548,27788,26993,33847,34151,39665,40900,2424,2808,2790,3730,3591,3591,3591,3758,3105,3136,3320,3386,3390,3425,5342,4950,5168,5160,5426.6,6035,5795,5940,4975,3035,5845,5757,6096,6422,631,495,588,580,770,666,643,625,545,565,559,359,406,395,3348,3348,3348,3348,3178,3178,3145,3895,3895,3895,3895,3895,3895,3895,8750,9850,10095,10095,11607,11607,11607,11108,11115,11112,11115,11115,11129,11134,3030,2808,2790,3730,3780,3780,3780,3758,3048,3048,3048,3048,2540,2743,3020,2998,3018,3018,3155,3017,3050,3031,3020,3035,3045,3045,3048,3045,590,525,584,580,510,600,595,595,590,595,560,360,309,304,2635,2680,2700,2700,2402,2402,2235,2400,2742,2468,2633,2949,3096,3200,1640,972,1651,1651,2100,2100,2100,2300,2500,2429,3045,3073,3564,3673,800,1000,1000,1000,950,950,950,1000,1019,1029,1089,1111,1335,1249,1769,1651,1712,1710,1720,2000,1900,1960,1647,1000,1920,1891,2000,2109,1069,943,1007,1000,1510,1110,1081,1050,924,950,998,997,1314,1299
50,Parbat,19570,19529,20000,21600,20275,16962,19405,19405,22150,22150,23082.4,23023.25,26281,26501,23295,25863,26068,27440,26220,28624,30773,30773,34037,34037,27244,28762,30023,30405,8473,8948,8889,8711,7812,8771,6970,6970,8110,9190,8960,8049,7630,7893,5210,5250,5250,5100,5100,5100,4580,4580,3693,2915,6773,6665,6522,6044,258,127,127,261,261,261,225,225,220,176,176,105,105,86,8856,8856,9000,9000,8895,9051,9021,9021,9021,9021,9595,8830,8830,9595,11706,11756,13720,13720,13728,14168,14198,14198,14180,14180,14205,14000,14285,14285,9013,8948,8889,8889,8980,8950,8950,8950,8890,8890,8845,8845,14757,8770,3300,3000,3000,3400,3400,3400,3560,3560,3500,2915,2915,2915,2605,2604,287,150,150,275,275,275,295,295,290,198,198,118,118,95,2210,2205,2222,2400,2279,1874,2151,2151,2455,2455,2406,2607,2976,2762,1990,2200,1900,2000,1910,2020,2167,2167,2400,2400,1918,2054,2102,2128,940,1000,1000,980,870,980,779,779,912,1034,1013,910,517,900,1579,1750,1750,1500,1500,1500,1287,1287,1055,1000,2323,2286,2504,2321,899,847,847,949,949,949,763,763,759,889,889,890,890,905
51,Baglung,14437,14954,14430,14962,12847,14411,11971,12156,14900,13500,17121,17147,18316,18897,17880,23900,17880,18030,24241.25,25090,44100,45160,53852,48200,52682,59044,56682,58835,22000,21333,20040,22185,21974,21974,21974,23058,23900,23920,23030,22386,21989,21965,11764,12868,13500,13215,13215,13000,12870,10788,9165,7010,13267,13102,13298,16546,1800,1680,1832,1168,1168,1160,1200,1524,1502,1272,1265,1265,1223,1206,5558,5558,5560,5520,5580,5717,5337,5735,5735,5700,5792,5934,5934,5927,10580,13277,10580,10600,11275,11500,21000,21352,21370,21300,20327,20341,20344,20349,20040,18550,20040,20100,18165,18165,18165,18900,18920,18920,17700,18655,2743,18615,6800,7120,7050,7105,7105,7105,7230,7005,6815,7010,7035,7042,7060,7011,1480,1480,1480,1178,1178,1140,1025,1030,1015,1010,1005,1006,978,965,2598,2691,2595,2711,2302,2521,2243,2120,2598,2368,2956,2890,3087,3188,1690,1800,1690,1701,2150,2182,2100,2115,2520,2263,2592,2903,2786,2891,1098,1150,1000,1104,1210,1210,1210,1220,1263,1264,1301,1200,8016,1180,1730,1807,1915,1860,1860,1830,1780,1540,1345,1000,1886,1861,1884,2360,1216,1135,1238,992,992,1018,1171,1480,1480,1259,1259,1257,1251,1250
52,Dolpa,440,450,228,228,228,446,455,472,475,567,586,605,570,590,3417,2400,2400,2400,2400,3037.5,3250,3906,4360,4108,4054,4000,224,250,650,700,300,240,240,252,215,253,275,315,401.25,487.5,273,285,311,311,473,428,400,300,2250,2750,1088,2500,1552.5,605,6300,5420,59,59,61,70,70,70,207,200,95,316,1837,4000,500,459,410,410,190,190,190,260,260,270,270,270,1265,276,276,276,1920,1920,2000,2000,2000,2250,2250,2282,2282,2282,607,2400,2177,220,650,700,300,300,300,315,315,317,317,315,1800,325,0,390,220,220,210,218,218,218,2062,2365,2365,2500,4325,276,2600,2590,75,75,65,60,60,60,205,200,180,320,1837,2400,300,300,1073,1098,1200,1200,1200,1715,1750,1748,1759,2100,463,2192,2065,2138,1780,1250,1200,1200,1200,1350,1444,1712,1911,1800,6679,1667,103,1136,1000,1000,1000,800,800,800,683,798,868,1000,223,1500,0,731,1414,1414,2252,1963,1835,1376,1091,1163,460,1000,359,2192,2423,2093,787,787,938,1167,1167,1167,1010,1000,528,988,1000,1667,1667,1530
53,Mugu,815,850,1553,1553,5550,4078,1785,1785,1785,2346,781,2556,2700,3751,850,560,850,850,1017,1017,1000,1000,1000,1026,992.5,959,1170,1061,1500,1760,1550,1525,1534,1550,1550,1550,1550,1575,1315,1315,4500,4937,1230,2628,2628,3618,3510,2810,2607,2600,1690,2015,820,2556,7917,8237,750,1820,1820,1400,1400,1400,1328.1,1328.1,1260,1860,701,959,1860,1540,800,800,850,850,1850,1850,1050,1050,1050,1167,565,1294,1394,1500,550,550,550,550,565,565,565,565,565,570,105,610,610,617,1550,1550,1550,1550,1572,1572,1572,1572,1572,1575,1302,4500,390,4488,1250,1995,1995,2010,2010,1910,2200,2015,2015,2015,1091,1294,4350,4335,1000,1400,1400,1400,1400,1400,1398,1398,1200,1550,687,610,1550,1540,1019,1063,1827,1827,3000,2204,1700,1700,1700,2010,1382,1975,1937,2501,1545,1018,1545,1545,1800,1800,1770,1770,1770,1800,9452,1572,1918,1720,968,1135,1000,984,976,986,986,986,986,1000,1010,292,11538,1100,984,1317,1317,1800,1746,1471,1185,1290,839,1000,752,1975,1820,1900,750,1300,1300,1000,1000,1000,950,950,1050,1200,1020,1572,1200,1000
54,Jumla,4088,2775,4080,4080,4500,3344,4844,4844,4844,5335,7434.942,3600,6490,6490,6787,6825,6790,6790,6900,6900,6850,6850,6850,6765,6757.5,6750,5400,7650,4150,4145,3750,4150,4400,4400,4400,4400,4400,4150,3925,3700,4560,4279,2510,2800,2800,2800,2800,2000,2917.6,3126,1532,2500,3050,3600,5390,4611,4000,4000,4000,3900,3900,3500,3660,3920,3200,4500,720,6750,7320,7400,2800,2775,2800,2800,2850,2850,2850,2850,2850,2964,3522,3000,2950,2950,4525,4525,4525,4525,4625,4625,4625,4625,4625,4510,5455,4500,4500,4500,3750,4145,3750,3750,4000,4000,4000,4000,4000,3950,1252,3700,1216,3890,2525,2807,2807,2800,2800,2800,2800,3000,2850,2500,5398,3000,2450,2453,3145,3145,3145,3100,3000,3000,3050,3567,3650,3700,1028,4500,3950,4000,1460,1000,1457,1457,1579,1173,1700,1700,1700,1800,2111,1200,2200,2200,1500,1508,1501,1501,1492,1492,1481,1481,1481,1500,1239,1500,1200,1700,1107,1000,1000,1107,1100,1100,1100,1100,1100,1051,3135,1000,3750,1100,994,998,998,1000,1000,714,1042,1042,538,1000,565,1200,2200,1880,1272,1272,1272,1258,1300,1167,1200,1099,877,1216,700,1500,1853,1850
55,Kalikot,2820,4268,2820,2820,2820,2225,3850,4600,4610,6431,6089.5,5748,6240,5932,2595,2620,2590,2590,2590,2590,2450,2950,3833.5,8890,7052.5,5215,5215,5228,1100,1243,1150,1100,1100,1100,1100,1365,1260,1292,2496,3700,1291,1295,7378,7300,7300,7300,7300,6150,6100,7750,3928,5350,5549,5748,9545,9611,1270,1270,1270,1270,1270,1270,987,1050,750,858,7876,5215,750,800,2080,2084,2080,2080,2080,2080,2080,2220,2225,3222,8372,3465,3062,2466,1730,1747,1730,1730,1730,1730,1730,2250,2255,4455,13017,2520,2520,2525,1150,1242,1150,1150,1150,1150,1150,1252,1252,1252,8629,3700,3800,1232,5270,5280,5280,5280,5280,4800,5055,5350,5350,5350,15614,3465,5450,5430,1040,1040,1040,1040,1040,1040,1072,1072,1072,1072,8702,2520,1028,1000,1356,2048,1356,1356,1356,1070,1851,2072,2072,1996,727,1659,2038,2406,1500,1500,1497,1497,1497,1497,1416,1311,1700,1996,542,2069,2069,2070,957,1001,1000,957,957,957,957,1090,1006,1032,289,1000,340,1051,1400,1383,1383,1383,1383,1281,1207,1449,734,1000,355,1659,1751,1770,1221,1221,1221,1221,1221,1221,921,979,700,800,905,2069,730,800
56,Humla,860,602,860,825,840,420,910,910,910,842,858.5,875,915,966,119,109,120,145,155,155,140,140,140,162,166.65,171.3,171,178,850,1062,1350,932,1090,1090,1090,1090,1300,1308,1262,1216,1280,1163,718,863,863,998,998,990,975,970,431,1011,943,875,1173,953,505,1680,1680,1440,1440,1440,1273.3,951,280,721,446.15,171.3,847,807,546,543,540,547,550,550,550,550,550,561,2750,572,575,572,69,70,70,80,82,82,82,82,82,95,4550,112,112,113,1350,1347,1350,1351,1360,1360,1360,1360,1360,1308,3950,1280,4500,1278,965,1018,1018,969,969,1000,995,990,990,1011,2300,572,1015,1018,691,1202,1202,1200,1200,1200,1190,890,680,687,4900,112,687,686,1575,1109,1593,1508,1527,764,1655,1655,1655,1501,312,1530,1591,1689,1725,1557,1714,1813,1890,1890,1707,1707,1707,1705,37,1529,1527,1575,630,788,1000,690,801,801,801,801,956,1000,319,950,284,910,744,848,848,1030,1030,990,980,980,435,1000,410,1530,1156,936,731,1398,1398,1200,1200,1200,1070,1069,412,1049,91,1529,1233,1176
57,Rukum,8617,8026,8600,8600,8600,8600,8084,8084,10100,11175,12966,9617.4,10330,9974,31520,30820,31520,31520,31520,31520,31520,31520,31705,35435,24771,30213,16013,30994,1504,1125,1140,1500,1500,1500,1500,1500,860,1060,1061,912,922,1573,17100,17100,17100,18215,18000,16050,14050,16520,10894,11800,11740,26190,26550,27550,1238,1238,1238,1093,593,560,975,821,950,1050,560,1480,1156,1200,3579,3460,3570,3570,3570,3570,3544,3544,3750,3750,4715,3562,3562,3562,18650,18130,18650,18650,18650,18650,18650,18650,18650,18650,11661,16785,15107,16289,1140,900,1140,1140,1140,1140,1140,1140,925,960,1061,960,1232,915,11875,11875,11875,11800,11000,9850,11800,11800,11800,11800,8537,11800,10620,10600,960,960,960,925,435,435,925,925,900,960,520,925,980,980,2408,2320,2409,2409,2409,2409,2281,2281,2693,2980,2750,2700,2900,2800,1690,1700,1690,1690,1690,1690,1690,1690,1700,1900,2124,1800,1060,1903,1319,1250,1000,1316,1316,1316,1316,1316,930,1104,1000,950,748,1719,1440,1440,1440,1544,1636,1629,1191,1400,923,1000,1375,2219,2500,2599,1290,1290,1290,1182,1363,1287,1054,888,1056,1094,1077,1600,1180,1224
58,Rolpa,9160,7500,9160,9160,9160,8500,9364,9665.75,9665.75,13674,17004,12997,11787,11787,17910,17900,17910,17910,17910,17200,17200,17500,17500,19500,24880,25302,16304,26138,1100,700,1050,1100,1100,1000,1000,1173,1173,1060,1059.5,1059,1059,1273,14010,14010,14010,14000,14000,14000,11542.5,14097,10150,8538,15590,16834,15979,21400,875,875,875,875,875,875,651,552,507,521,578,920,710,700,4700,4239,4700,4700,4700,4715,4682,4715,4715,4715,6540,4715,4715,4715,11190,11190,11190,11190,11190,11611,11611,11621,11621,11665,12058,11667,10305,11881,1050,700,1050,1050,1050,1067,1067,1067,1067,1060,1985,1059,960,1061,8520,8520,8520,8500,8620,8620,8550,8544,8544,8538,8655,8860,8530,8560,700,700,700,700,700,700,550,552,537,521,510,736,499,500,1949,1769,1949,1949,1949,1803,2000,2050,2050,2900,2600,2757,2500,2500,1601,1600,1601,1601,1601,1481,1481,1506,1506,1672,2063,2169,1582,2200,1048,1000,1000,1048,1048,937,937,1099,1099,1000,534,1000,1103,1200,1644,1644,1644,1647,1624,1624,1350,1650,1188,1000,1801,1900,1873,2500,1250,1250,1250,1250,1250,1250,1184,1000,944,1000,1133,1250,1423,1400
59,Pyuthan,6540,10625,12310,13290,13252,13252,15042,15280,15280,11772,21753.125,18270,18950,19737,12119,19300,19500,19280,18038,18038,17917,18158,18158,13626,24652,20390,18351,18462,2240,2525,2025,2025,2025,2025,1700,1985,1985,2005,2483,2000,2005,2006,12050,12000,15500,16650,18640,15640,12542.5,16635,11877,8650,28050,19206,19465,20760,148,148,451,450,770,570,590,775,670,578,1529,785,790,816,6540,6540,6540,6540,6520,6520,6540,6540,6540,6540,6961,6525,6410,6520,12119,12050,12050,12050,12025,12025,12025,12058,12058,12058,11588,12058,12058,12058,2250,2350,2025,2025,2025,2025,2000,1985,1985,1985,1910,1985,1061,1984,8055,8055,8250,8455,8655,8655,8650,8650,8650,8650,15574,8650,8650,8640,148,505,451,450,510,510,510,510,690,510,1390,510,510,510,1000,1625,1882,2032,2033,2033,2300,2336,2336,1800,3125,2800,2956,3027,1000,1602,1618,1600,1500,1500,1490,1506,1506,1130,2127,1691,1522,1531,996,1074,1000,1000,1000,1000,850,1000,1000,1010,1300,1008,1890,1011,1496,1490,1879,1969,2154,1807,1450,1923,1373,1000,1801,2220,2250,2403,1000,293,1000,1000,1510,1118,1157,1520,971,1133,1100,1539,1549,1600
60,Dang,113539,125120,111430,109120,87223.3,101890,95849.27,115977,124327,112552,119720,119720,157384,156292,43100,41400,43100,47100,56750,56750,54825,56144,55100,28728,18446,54936,46891,46600,112,153,160,110,135,135,135,160,160,183,0,100,20,19,26289,26240,28200,31000,28160,30353,29210,29100,25630,12700,38154,29464,29995,29109,71,71,64,64,64,32,30,30,30,30,10,45,50,49,38950,38900,38280,35650,31660,34100,33869,36578,37458,35050,36500,38300,37500,38230,23300,23000,23500,23500,22700,22700,25500,25600,25200,25200,8660,25200,23400,25300,160,170,160,160,135,135,135,170,170,170,0,100,2095,19,12700,12700,11500,12000,12700,12700,12700,12700,12700,12700,17913,12700,12650,12655,64,45,45,45,64,32,35,35,35,35,10,50,50,50,2915,3216,2911,3061,2755,2988,2830,3171,3319,3211,3280,3126,4197,4088,1850,1800,1834,2004,2500,2500,2150,2193,2187,1140,2130,2180,2004,1842,700,900,1000,688,1000,1000,1000,941,941,1076,0,1000,10,1000,2070,2066,2452,2583,2217,2390,2300,2291,2018,1000,2130,2320,2371,2300,1109,1578,1422,1422,1000,1000,857,857,857,857,1000,900,1000,980
61,Salyan,12972,12368,13460,13460,18023.81,18572,16608,16608,16300,20187,11487.875,22275,23294,24497,38790,39900,38040,38040,43787.1,40236,40236,40236,39278,39278,14071.4,27803,22242,33495,2169,2128,1930,2162,2342,2291,2291,2291,2496,2312,2316,2320,2204,2004,21710,21780,21780,21000,20314,20980,20300,20300,13616,11575,14632,28755,29226,30635,1295,1295,1295,1300,1150,1390,1250,1250,950,1365,478,1410,1485,1460,6059,6060,6750,6750,6959,6959,6745,6745,6961,6961,3455,6961,6950,6934,21555,21568,21560,21560,21570,21000,21000,21000,20500,20500,7406,11588,11560,16280,1930,1900,1930,1930,1920,1901,1901,1901,1920,1920,2525,1780,1985,2204,13574,13574,13574,13000,11578,11578,11600,11600,11500,11575,11800,15120,13613,15108,1430,1399,1399,1000,1000,1390,1125,1125,1150,1390,735,1270,1250,1265,2141,2041,1994,1994,2590,2669,2462,2462,2342,2900,3325,3200,3352,3533,1800,1850,1764,1764,2030,1916,1916,1916,1916,1916,1900,2399,1924,2057,1124,1120,1000,1120,1220,1205,1205,1205,1300,1204,917,1303,1110,909,1599,1605,1605,1615,1755,1812,1750,1750,1184,1000,1240,1902,2147,2028,906,926,926,1300,1150,1000,1111,1111,826,982,650,1110,1188,1154
62,Jajarkot,7915,6886,7900,7900,7900,7900,7000,7000,6920,10004,10021,10038,10403,10812,16517,14791,16510,16510,16510,16510,16510,16510,17200,19852,16215.5,12579,11930,10539,2866,2867,2060,2860,2860,2860,2860,2860,2860,3108,2628,3708,3859,2297,6671,6671,9812,9810,10472,11225,11035,13364,8622,8800,9870,15366,14886,13321,644,644,684,680,722,684,780,829,425,441,285,560,360,360,3508,3502,3500,3500,3500,3500,3500,3500,3570,3573,8507,3515,3737,4042,8830,8835,8830,8830,8830,8830,8830,8830,8810,8412,20150,8386,7890,8266,2065,2063,2060,2060,2060,2060,2060,2060,2060,2445,2422,2060,1780,1932,7850,7850,7850,7850,7850,7850,8828,8500,8500,8800,7300,11820,11900,11550,760,760,760,760,760,760,760,754,758,735,195,700,600,650,2256,1966,2257,2257,2257,2257,2000,2000,1938,2800,1178,2856,2784,2675,1871,1674,1870,1870,1870,1870,1870,1870,1952,2360,805,1500,1512,1275,1388,1390,1000,1388,1388,1388,1388,1388,1388,1271,1085,1800,2168,1189,850,850,1250,1250,1334,1430,1250,1572,1014,1000,1352,1300,1251,1153,847,847,900,895,950,900,1026,1099,561,600,1462,800,600,554
63,Dailekh,17584,16785,16620,17300,20640,20640,22360,20500,20500,24755,26414,28073,25953,25464,20170,19660,19540,19960,20534.4,20534.4,30577,29035,29035,37107,41538,37076,36975,37291,3155,2893,2575,3135,3315,3315,2515,2723,2723,2843,2702.6,2518,2643,2643,7430,9850,9850,9850,9800,9800,9800,10144,7304,7100,45000,29870,27219,31175,521,521,521,273,273,273,212,124,181,254,269.5,285,261,250,8547,8547,8600,8600,8600,8600,8600,8200,8200,8507,13870,8507,8507,8307,10740,10740,10700,10600,10695,10695,16093,16090,16090,19950,16100,20150,20150,20150,2629,2630,2575,2500,2550,2550,2515,2095,2095,2422,2095,2422,2106,2422,6450,6570,6570,6568,6292,6292,6292,6190,6190,7100,16255,14650,16850,21500,530,530,530,228,230,230,193,195,187,195,1030,190,195,200,2057,1964,1933,2012,2400,2400,2600,2500,2500,2910,1904,3300,3051,3065,1878,1831,1826,1883,1920,1920,1900,1805,1805,1860,2580,1840,1835,1851,1200,1100,1000,1254,1300,1300,1000,1300,1300,1174,1290,1040,1255,1091,1152,1499,1499,1500,1558,1558,1558,1639,1180,1000,2768,2039,1615,1450,983,983,983,1197,1187,1187,1098,636,968,1303,262,1500,1338,1250
64,Surkhet,33300,32252,20673,25400,34210,34645,38440,38440,42800,44160,49229,54298,48869,59322,28397,27432,30801,30801,38722.8,35921.25,44702,42320,40300,42665,44178.5,45692,43407,38243,1925,1931,1420,1987,1656,1656,2070,2724,2726,2703,2751.5,2800,2750,2832,27837,27800,28100,30254,30618,30618,34630,32600,28472,16255,32877.5,49500,46015,45765,1172,1172,1172,1368,1368,1238,1765,1237,1215,1349,1354.5,1360,1370,1360,12425,12440,12327,12440,12440,12440,12400,12400,12800,13800,47798,14600,14000,14600,15325,15240,15290,15290,15870,15965,15965,15970,16100,16100,97613,16100,16100,16100,1400,1420,1420,1656,1656,1656,1656,2095,2095,2095,12958,2095,2422,2095,15560,15560,15580,15280,14580,14580,16642,16942,16255,16255,79921,16255,14955,16255,915,915,915,1040,1040,1140,1643,1030,1095,1030,5305,1030,1030,1030,2680,2593,1677,2042,2750,2785,3100,3100,3344,3200,1030,3719,3491,4063,1853,1800,2014,2014,2440,2250,2800,2650,2503,2650,453,2838,2696,2375,1375,1360,1000,1200,1000,1000,1250,1300,1301,1290,212,1337,1135,1352,1789,1787,1804,1980,2100,2100,2081,1924,1752,1000,411,3045,3077,2815,1281,1281,1281,1315,1315,1086,1074,1201,1110,1310,255,1320,1330,1320
65,Banke,90203,93760,45854,90546,39212,84720,63870.4,95100,110550,102225,148925,123971,109226,128700,20400,21109,20400,21192,12914,18400,19500,11000,10920,7920,18210,20085,29760,15300,0,0,0,0,0,0,0,0,0,0,0,0,0,0,21725,21800,19950,20853,22000,27143,37754.4,43650,43380,48090,52800,53904,55900,52758,10,10,10,10,10,10,10,10,10,10,10,10,10,10,31840,32000,28359,33160,29425,31500,29032,33500,36500,34500,42550,36462,33675,36500,11200,11660,11200,10298,9224,9200,10000,6599,6600,6600,9000,8547,10697,8500,0,0,0,0,0,0,0,0,0,0,0,0,20,0,11575,10975,9500,10500,11000,12282,15731,17530,18000,16856,18890,17920,17836,18022,10,10,10,10,10,10,10,10,10,10,10,10,10,10,2833,2930,1617,2731,1333,2690,2200,2839,3029,2963,3500,3400,3244,3526,1821,1810,1821,2058,1400,2000,1950,1667,1655,1200,2023,2350,2782,1800,0,0,0,0,0,0,0,0,0,0,0,0,0,0,1877,1986,2100,1986,2000,2210,2400,2490,2410,2853,2795,3008,3134,2927,1000,1000,1000,1000,1000,1000,1000,1000,1000,1000,1000,1000,1000,1000
66,Bardiya,105227,115670,105420,114280,114280,118680,106256,120850,123200,126800,157812.5,188825,159575,199575,18266,17400,17500,17500,17500,21875,18060,15916,14900,13770,12335,10900,20000,2500,10,10,0,0,0,0,0,0,0,0,150,0,0,0,36052,29117,37950,42269,42269,42720,49829,49620,42177,17900,119954,68325,74400,72500,10,10,10,10,10,10,10,10,10,10,45,10,10,10,34878,36996,35000,36630,36630,36600,36640,38000,38500,39500,117550,45500,45000,52000,9312,8700,8750,8750,8750,8750,8600,8100,8100,8100,42860,5450,8000,1200,10,10,0,0,0,0,0,0,0,0,150,0,0,0,15407,15972,16500,17000,17500,17800,19165,18000,16915,17900,49553,23500,23500,19500,10,10,10,10,10,10,10,10,10,10,50,10,10,10,3017,3127,3012,3120,3120,3243,2900,3180,3200,3210,1343,4150,3546,3838,1962,2000,2000,2000,2000,2500,2100,1965,1840,1700,288,2000,2500,2083,1000,1000,0,0,0,0,0,0,0,0,1000,0,0,0,2340,1823,2300,2486,2415,2400,2600,2757,2493,1000,2421,2907,3166,3718,1000,1000,1000,1000,1000,1000,1000,1000,1000,1000,900,1000,1000,1000
67,Bajura,6030,6660,6010,6010,6010,6010,5280,6103,6103,4365,5989,7613,7613,7993,1821,1280,1820,1820,1820,1820,1584,1659,1659,995,1406,1817,1817,1848,2150,2731,2100,2150,2150,2150,2400,2650,2650,2005,2300,2871,2610,2610,6433,6433,6433,6705,8275,7427,7127,7127,3292,4950,8300,9900,8831,7583,1384,1384,1384,1425,550,1187,1187,1187,557,858,1500,1700,1500,1059,3260,3310,3260,3260,3260,3260,2900,3310,3310,2910,7005,3310,3310,3310,1013,800,1010,1010,1010,1010,990,990,990,895,3650,790,790,790,2100,2520,2100,2100,2100,2100,3000,2520,2520,2610,2285,2610,0,2610,4720,4720,4720,4950,6200,4950,4950,4950,4950,4950,6100,5000,4950,4950,1048,1048,1048,1072,1100,1072,1072,1072,1072,1072,1500,1000,1072,1072,1850,2012,1844,1844,1844,1844,1821,1844,1844,1500,855,2300,2300,2415,1798,1600,1802,1802,1802,1802,1600,1676,1676,1112,385,2300,2300,2339,1024,1084,1000,1024,1024,1024,800,1052,1052,768,1007,1100,0,1000,1363,1363,1363,1355,1335,1500,1440,1440,665,1000,1361,1980,1784,1532,1321,1321,1321,1329,500,1107,1107,1107,520,800,1000,1700,1399,988
68,Achham,15279,16781,15270,15270,15270,15270,14960,14960,14960,13700,18000,18000,31138,34795,6234,7161,6250,6250,6250,6250,8870,8870,8870,8250,4193,10479,9525,10163,2011,1960,1730,2000,2000,2000,2417.75,2417.75,2417.75,3343,5353,3310,3310,3427,12037,12037,12037,12030,11000,10010,9000,9000,6671,7151,28000,25500,24145,22932,170,170,170,170,260,200,200,200,104,104,250,250,563,566,6914,6992,6910,6910,6910,6910,7480,7480,7480,7450,7570,11570,12569,16572,5195,5115,5195,5195,5195,5195,5336,5336,5336,6346,2545,6351,3350,3652,1734,1634,1730,1730,1730,1730,2545,2545,2545,2843,4953,3412,1310,3415,7215,7215,7215,7215,6100,7151,7151,7151,7151,7151,16150,16140,15332,15335,185,185,185,185,185,185,185,185,185,185,250,510,512,505,2210,2400,2210,2210,2210,2210,2000,2000,2000,1839,2378,1556,2477,2100,1200,1400,1203,1203,1203,1203,1662,1662,1662,1300,1648,1650,2843,2783,1160,1200,1000,1156,1156,1156,950,950,950,1176,1081,970,2527,1004,1668,1668,1668,1667,1803,1400,1259,1259,933,1000,1734,1580,1575,1495,919,919,919,919,1405,1081,1081,1081,562,562,1000,490,1100,1121
69,Bajhang,8820,9557,10750,10750,10750,10750,9949,9200,9200,9000,10725,10725,20528,22769,5075,5285,6200,6200,6200,6200,6200,6261,6261,3400,3690,3980,6573,3871,2237,2239,2285,2285,2285,2285,2285,2170,2170,1830,1300,2057,2057,2057,8915,8915,8915,8915,10763.2,9455,9155,9155,6317,6100,6000,9500,21964,24959,1653,1653,1653,1650,1285,1285,1285,1285,1350,1200,1100,1550,2836,2938,5214,5314,5930,5930,5930,5930,5742,6005,6005,6000,4290,7006,7006,7006,3625,3650,3650,3650,3650,3650,3650,3650,3650,3645,5520,3652,3652,3652,2283,2285,2285,2285,2285,2285,2285,2285,2285,2285,1300,2286,2610,2286,6144,6144,6144,6144,6944,6100,6100,6100,6100,6100,5265,6150,10982,10982,1495,1495,1495,1500,1510,1510,1510,1510,1510,1500,1200,1500,3726,3726,1692,1798,1813,1813,1813,1813,1733,1532,1532,1500,2500,1531,2930,3250,1400,1448,1699,1699,1699,1699,1699,1715,1715,933,668,1090,1800,1060,980,980,1000,1000,1000,1000,1000,950,950,801,1000,900,788,900,1451,1451,1451,1451,1550,1550,1501,1501,1036,1000,1140,1545,2000,2273,1106,1106,1106,1100,851,851,851,851,894,800,917,1033,761,789
70,Doti,16524,18536,15345,15734,19920,15345,17392.5,17544,18500,18000,21172.5,24345,22844,22396,3552,4290,4890,4454,4906,4890,3825,5020,4850,4193,4514.25,4835.5,5240,5221,1620,1800,1900,1891,2860,2600,3087.5,3609,4080,5353,5589,5825,5810,6145,17140,16950,17500,13320,17200,19380,16060,16060,10760,16150,24700,30210,33915,33510,330,330,295,340,442,240,305,305,183,183,600,250,240,370,6800,6800,7100,7175,8300,7100,7500,7500,7555,7570,5300,9750,11715,10665,2537,2500,2590,2620,2640,2590,2550,2550,2550,2545,9500,2445,2630,2748,1800,2000,1900,1930,2600,1900,3250,4010,4075,4953,850,5825,3414,5121,9700,9500,9510,9600,9600,11000,11000,11000,11000,16150,12000,16150,16150,15950,340,340,336,340,340,300,240,240,250,250,600,245,240,240,2430,2726,2161,2193,2400,2161,2319,2339,2449,2378,3995,2497,1950,2100,1400,1716,1888,1700,1858,1888,1500,1969,1902,1648,475,1978,1992,1900,900,900,1000,980,1100,1368,950,900,1001,1081,6575,1000,1702,1200,1767,1784,1840,1388,1792,1762,1460,1460,978,1000,2058,1871,2100,2101,971,971,878,1000,1300,800,1271,1271,732,732,1000,1020,1000,1542
71,Kailali,138915,172118,132450,167690,150540,149205,146076,150000,165000,146400,139965,139965,185980,209757,19100,19500,18750,18750,24750,24750,32467.5,34150,33500,28500,11495,12000,12000,5755,200,200,200,180,180,180,200,200,180,310,180,450,450,380,36000,35200,35200,37400,46800,49742,55200,47200,40120,35000,64232,71500,69000,70000,150,150,150,180,180,160,160,160,144,660,5,650,660,420,56700,57000,54150,57000,57310,57000,57900,60000,60000,58500,46655,65500,64400,71450,12810,12500,12500,12500,16500,16500,16650,17000,17000,16500,5950,6000,5700,5540,200,200,200,200,200,200,222,222,200,300,170,400,320,377,16500,16000,16000,17000,19500,20900,20900,21000,21000,35000,32250,34450,34500,34500,150,150,150,150,150,150,150,150,150,550,5,550,550,425,2450,3020,2446,2942,2627,2618,2523,2500,2750,2503,3000,2137,2888,2936,1491,1560,1500,1500,1500,1500,1950,2009,1971,1727,1932,2000,2105,1039,1000,1000,1000,900,900,900,901,901,900,1033,1059,1125,1406,1008,2182,2200,2200,2200,2400,2380,2641,2248,1910,1000,1992,2075,2000,2029,1000,1000,1000,1200,1200,1067,1067,1067,960,1200,1000,1182,1200,988
72,Darchula,6229,7120,6100,6100,11900,8100,7289,7480,7480,7450,9579.45,11708.9,11027,10631,8890,8850,8890,8890,9300,5590,9145,10970,10970,10930,19790,15552.4,11261,6404,992,1200,1115,990,1190,990,990,990,1000,1170,1240,1310,786,893,7450,7450,7430,9600,9600,9400,9500,9500,4255,5265,5882.5,6500,13312,12096,1034,1034,1065,1020,1020,1020,893,893,792,1080,1165,1250,1670,1560,3052,3100,3050,3050,4500,4050,3966,3950,3950,4180,14305,4480,4480,4480,5900,5900,5900,5900,6000,5900,5900,5900,5900,5498,9960,5530,5530,3558,1115,1500,1115,1115,1450,1115,1115,1115,1115,1300,6195,1310,2286,1310,6200,6200,6695,6000,6000,5800,5975,5975,5965,5265,16315,5300,5965,4480,1100,1100,1187,1200,1200,1200,1050,1050,1200,1200,3772,1200,1116,1200,2041,2297,2000,2000,2644,2000,1838,1894,1894,1782,670,2614,2461,2373,1507,1500,1507,1507,1550,947,1550,1859,1859,1988,1987,2812,2036,1800,890,800,1000,888,821,888,888,888,897,900,200,1000,344,682,1202,1202,1110,1600,1600,1621,1590,1590,713,1000,361,1226,2232,2700,940,940,897,850,850,850,850,850,660,900,309,1042,1496,1300
73,Baitadi,9053,10660,9050,10500,14030,9050,8138,9660,9660,10017,14182,15000,14280,15680,10920,12750,10920,10920,17000,16450,16450,17270,17270,17100,6390,29000,18850,23417,765,1090,850,850,850,770,770,950,950,950,390,700,910,980,10100,10100,10100,10100,11500,7500,6500,6500,4355,5100,12000,23000,24000,24500,560,560,560,660,1200,500,500,500,500,500,225,600,1600,1800,5325,5330,5325,5325,6100,5320,5320,5330,5330,5300,6221,6000,6500,7000,8400,7510,8400,8400,10000,9400,9400,9500,9500,9500,3744,14500,14500,14500,850,1050,850,850,850,850,850,870,870,850,302,500,5810,700,9100,9100,9100,9100,8600,5000,5000,5000,5000,5100,7500,11550,12000,12000,700,700,700,700,1000,500,500,500,500,500,218,550,1000,1000,1700,2000,1700,1972,2300,1701,1530,1812,1812,1890,2280,2500,2197,2240,1300,1698,1300,1300,1700,1750,1750,1818,1818,1800,1707,2000,1300,1615,900,1038,1000,1000,1000,906,906,1092,1092,1118,1291,1400,157,1400,1110,1110,1110,1110,1337,1500,1300,1300,871,1000,1600,1991,2000,2042,800,800,800,943,1200,1000,1000,1000,1000,1000,1032,1091,1600,1800
74,Dadeldhura,16855,17557,15748,15870,19753,15748,14299.1,14313,17500,13064,14123,15182,16414,18066,5579,5763,6749,6520,7551,6749,7858.2,5949,6313,5616,6003,6390,8236,10895,536,500,450,425,363,450,295,318,320,359,309.5,260,260,300,10565,9612,11160,12685,13065,13065,12000,11842,6177,7464,9982,12500,18985,14420,350,350,350,300,240,240,240,200,127,127,176,225,209,176,7023,7023,6847,6900,6835,6840,6217,6217,6221,6221,28541,6221,6221,6221,3985,3965,3970,3930,3985,3970,3742,3742,3744,3744,22140,3744,3744,3744,536,500,450,425,415,450,318,318,318,318,9517,320,700,300,8730,8730,6200,8710,8210,8210,8210,7895,7920,7464,51789,7450,8710,8710,350,350,350,300,240,240,240,200,218,218,1582,220,220,195,2400,2500,2300,2300,2890,2302,2300,2302,2813,2100,495,2440,2638,2904,1400,1453,1700,1659,1895,1700,2100,1590,1686,1500,271,1707,2200,2910,1000,1000,1000,1000,875,1000,928,1000,1006,1129,33,813,371,1000,1210,1101,1800,1456,1591,1591,1462,1500,780,1000,193,1678,2180,1656,1000,1000,1000,1000,1000,1000,1000,1000,583,583,111,1023,950,903
75,Kanchanpur,107345,120450,104530,114810,114810,115628,130589,134500,119700,116090,130360,144630,138630,143704,10615,10680,10025,11844,11844,10025,10925,10925,11313,11495,11697.5,11900,10450,6840,40,300,300,180,180,300,180,180,170,180,490,0,0,0,46200,46800,47660,43370,47150,49450,53750,52150,46935,32250,49895,67540,72210,71000,10,10,10,10,8,8,10,10,9,5,665,10,10,10,44690,44795,41970,44300,44636,43872,46639,46600,46655,45400,106655,46655,44500,48796,5897,5905,6190,5912,5912,6190,5750,5750,6050,5950,22450,5950,5950,3600,40,312,300,180,180,300,180,180,170,170,470,0,400,0,20350,20350,20350,20350,20500,21500,21500,21250,21250,32250,66750,32255,32255,31433,11,10,10,10,8,8,10,10,10,5,555,10,10,10,2402,2689,2491,2592,2572,2636,2800,2886,2566,2557,1222,3100,3115,2945,1800,1809,1620,2003,2003,1620,1900,1900,1870,1932,521,2000,1756,1900,1000,962,1000,1000,1000,1000,1000,1000,1000,1059,1043,0,0,0,2270,2300,2342,2131,2300,2300,2500,2454,2209,1000,747,2094,2239,2259,909,1000,1000,1000,1000,1000,1000,1000,900,1000,1198,1000,1000,1000
